Pclass,Age,SibSp,Parch,Sex_female,Sex_male,Embarked_C,Embarked_Q,Embarked_S,Embarked_unknown,Survived
2.5233956700858577,25.699568099579942,-0.6206786563092246,0.3730620345241179,0,0,0,1,1,0,0
1.7429738253123293,7.594144521973355,4.4353071801984685,0.820027175636328,1,0,0,0,1,0,0
2.4035161083704315,30.10923764355823,-0.9810064499505518,0.3284091500382222,1,1,1,0,1,1,1
3.7238080984637514,22.440399545446784,1.9845105833230232,1.0088348748744325,0,0,0,1,0,1,0
1.4244534460476719,33.076938013500126,-1.9101613020433768,-1.9016647748579047,1,1,1,1,1,0,1
2.806087578906386,45.92613335543654,0.8337020475023019,-1.4441111253000982,0,1,0,0,1,1,0
0.7589568849408552,33.42314954049958,-0.8543997887848791,-1.104021129239796,1,0,1,0,1,1,0
-0.5629941838790433,37.85055994276782,1.4301153160275766,-0.25287810762261476,1,0,1,1,0,0,1
2.2873535289389313,30.758194427997125,1.727163769960687,0.18754986020257725,1,1,0,0,0,0,1
5.928506203904895,20.45727776971436,0.005108657354024278,-0.8331470307587288,0,1,1,1,1,1,0
2.266800882651813,17.749234761408108,-0.3262697465709876,-1.0066349078129464,1,1,0,0,1,0,0
1.9313326880003607,40.19034523917325,6.010126762662209,-1.6597343361288204,0,0,0,0,1,0,1
2.598687626984672,32.933114612401,1.1815630139344155,-0.7818136253365064,0,1,0,0,0,1,0
3.1855332420771134,-0.08875881908812078,3.78627725140954,0.9537694014026923,0,0,0,1,1,0,1
2.5741176166736666,21.150567244632814,0.3321392476598032,-0.642825295826753,1,1,1,1,1,0,0
2.7679374365112674,35.09672861565848,1.0762913033913233,0.9496215924286374,1,0,1,1,1,0,0
0.809307583001206,46.58495794197295,2.159880870336204,0.36173572120612285,1,0,0,1,0,0,1
2.400032050519838,-0.41585337040876447,0.289829983779692,1.32365993797627,1,0,0,0,1,0,1
2.2440722132744257,49.68736485285099,-1.6178870008028667,0.15817456143231012,1,0,0,0,1,0,1
4.1719793382122505,34.567098065991495,-1.453016394968774,0.3447033251837333,1,1,0,0,0,0,0
1.8125196467851077,48.62608288262705,0.7783356854501938,2.2939882835871006,0,0,1,0,1,0,0
2.384380576489116,19.034569754643996,2.6242799648977044,1.2619367138416688,0,1,1,0,1,0,0
1.9750966633267055,2.7905096477102367,-1.129394042211934,1.272222815073524,0,0,0,0,1,0,1
2.3870109961178323,15.941084669357881,-0.4271047346810129,1.3306630129289967,1,1,0,0,0,1,0
5.723037234433666,28.15306163599654,1.4919626428521764,-0.035141872662301996,0,1,0,0,1,0,0
4.125646286729014,22.489507438174563,0.8507354403981787,2.7251761564468975,0,0,0,0,1,1,0
4.5539979302329465,32.4684806457305,-1.3286055882606365,1.341010629725844,0,1,0,0,1,0,0
2.01416213514174,19.305773290510754,-1.953598076159766,-0.23695778579173638,0,0,0,0,0,0,0
3.1872523382517537,23.619094988009753,-1.0155812163017488,-1.195548980801508,0,1,0,0,1,0,0
1.1267770063428841,33.519169719140365,-2.0431272468450077,1.4630150652373637,1,1,1,0,0,0,0
1.275975792564928,31.582719548964317,0.4781155007222458,0.5301261358172343,0,1,0,0,0,1,0
-0.17314553643265151,47.105366397506714,2.33936650330519,-0.9554632033506516,1,0,0,0,0,1,1
0.925664290307556,35.21841595487883,-2.234983121277172,-0.9386930656247526,1,1,1,1,1,0,1
1.8144777668183676,28.729993820957812,-0.06914538858508551,-0.5526908127777879,0,1,1,0,0,1,1
1.3715038420588226,18.906517488327736,0.07890954735281856,1.4256744349952568,1,1,0,0,1,0,1
1.2487922023732683,19.45992605474852,1.0344045368778634,0.47969777547297776,0,1,0,0,1,1,0
2.3557652868973675,27.143718125987213,-1.939251006168025,-0.1953015186846943,0,1,0,0,0,0,0
2.422584336586284,17.5540846940476,-0.5510380923589637,-0.5331996134707955,0,1,0,0,1,0,0
2.294955087716362,23.591515270699606,0.613953877384024,0.020296753306094435,1,0,0,0,1,1,0
3.159692673977754,20.89202759797684,-1.8415897327293802,0.1535018843323047,0,0,0,0,0,0,0
0.9869759799746398,28.831007909695337,0.47620821947975134,2.7607965759229924,0,0,0,0,1,0,1
0.2546717023139857,27.969086357992186,1.6210650944119644,-0.09375268438682306,0,1,0,0,0,1,0
1.4119945693985163,54.24333146446212,1.5509824106190746,0.04813633270038942,0,1,0,1,0,0,0
2.985847963665057,1.8802964858862,4.362188423810467,1.157532558728953,0,0,0,0,1,0,0
4.285216261129291,25.21064668163636,0.33116090269617443,-1.0608294293235008,1,0,0,1,1,1,1
2.5175422516479085,16.175781584993764,1.0930049901870313,-0.2543745093424351,0,0,0,1,0,0,1
4.583157581171257,31.10680789544896,0.4640715306735198,-0.2025778294448585,1,1,1,0,1,0,0
0.27384313612233524,17.082939582022245,0.6427449633751057,0.5685859776434712,1,0,1,1,1,0,1
3.623631874810962,30.678483583458682,0.1670214889723485,-2.8815577941478088,0,0,1,0,1,0,0
3.1942770828909586,0.669339194580846,0.6511621654110717,3.0758625284106866,1,1,0,0,1,0,1
4.098566590383497,16.033012778004515,-0.29830488688571183,1.506332930337708,1,0,0,1,1,0,0
0.9546775804140526,27.980596301047356,-0.5230285143783884,1.0921119276585673,0,1,0,1,1,0,0
2.8141689592009995,24.430640964943088,0.5730876004603342,-0.5655110289083298,0,0,1,0,1,0,1
1.04878023490708,14.456656884692174,1.9989564289085555,-0.6175686244466414,0,0,0,1,0,0,0
2.462133257611368,28.656121658992767,0.2432214440275451,0.2900497944119448,1,0,0,0,1,0,0
5.366866735237259,28.53919181602376,1.1277374256031312,-1.0615249341769732,0,1,0,0,1,0,0
2.415311134787103,26.43753576816484,0.5765615780666258,2.095999474300538,0,1,0,0,1,0,0
4.129479678852172,17.07391626698464,1.6156297344268122,1.4597391731750329,1,1,0,1,1,0,0
4.231075423858009,34.532662753019146,-1.0131770833838918,0.03007455641956668,1,1,0,0,1,1,0
3.7674601732786512,17.417329020455092,-0.5349998659338965,-1.7308605685888891,1,0,0,1,1,1,0
2.8152970973981835,27.239256920400578,0.012814946077150492,1.285037246176208,0,1,0,0,1,0,0
-1.0313400292801438,37.85816982754797,2.494368770681346,1.2052117483504117,0,0,0,1,1,0,0
2.3408903959666327,27.036746566587453,0.3470292878272484,-1.3362808411128868,1,1,0,1,1,1,0
0.5292796065481674,39.448218858794434,0.6266604229047543,0.40285988472299056,1,0,0,1,0,1,1
-0.5034200991653597,24.680576717577594,-0.07014328024399297,0.5971918091448721,0,1,0,0,1,0,0
1.8760548219153175,31.15274483702158,2.0321652354172177,-0.5777308890710248,0,1,0,1,1,0,0
3.4306891586389177,25.33017027383676,-1.5509409233779907,1.8884187885424506,0,1,0,0,1,1,1
0.4647614378386966,39.05387808157005,-2.7354809221051264,0.4989563701104801,1,0,1,0,0,0,1
1.2433017548091116,28.20099745270624,0.5715136681405678,0.8356101997250185,0,1,1,0,1,0,0
6.020875743758386,15.279760868006951,-1.7448216241930243,-0.9461477000394092,0,1,0,1,1,0,0
3.0444926749257437,33.17358714178244,-0.7615857850616257,-4.179855427107493,1,0,0,0,1,0,1
2.931580499155139,14.850947736489147,-0.10697567287616619,0.6789893756854851,1,1,0,0,1,0,0
2.470200555291938,32.852022396409815,0.13593915287881575,-1.5563695372294915,1,1,0,0,1,1,0
1.6697056338764118,31.87333130943439,-1.5976865472006292,0.06336406180827844,0,1,0,0,0,0,1
5.220505005629597,7.3046941046926275,0.338897469760098,3.1061296080713103,1,1,0,1,1,0,1
0.8851669265676667,37.46182798531797,-0.7660483855453561,0.723637684856727,0,1,0,0,1,0,0
1.1126280333444893,17.679446137911533,0.6498801886666565,2.3255076099212655,1,0,1,0,0,1,1
5.662711003644192,25.9306335998025,-0.21508640546050697,0.6586549940171036,1,1,0,0,1,1,0
0.6311387236777601,34.197007402050744,1.112811735263442,2.6151938449528247,1,0,0,0,1,0,1
0.6599376874743397,34.02581469709142,-0.7042755676549499,-0.9599761101952211,0,1,1,0,1,1,0
3.27975496149974,19.529223522536473,0.6926811809808757,-1.2859990785531785,1,0,1,0,1,1,0
2.0674343749189754,62.47728139596807,2.5010957131011975,1.285319443849394,1,1,0,0,1,0,1
3.8102841199064925,23.385049483569624,-1.0803872772003902,0.8116521331770037,1,0,0,1,1,0,0
4.1555721007552755,16.25234083280531,-1.7415330404733533,-0.35193153056358467,1,0,0,1,0,1,0
0.056844999964976495,20.277905601574332,0.8355461095338829,0.0116854121339458,1,1,0,0,1,1,0
0.6795450807069106,1.3285455300286582,6.301632707753106,1.0056896355091705,1,1,0,1,0,0,0
3.393390783681814,37.26471028810914,-2.2624431857353184,-1.1103180649114062,1,1,0,0,0,0,0
1.8344957344692376,18.665564727255124,0.09833355671418881,-0.4611235443846401,0,1,0,1,1,0,0
4.179699677306512,35.35537448617885,0.4714130749031591,1.3578542322161486,0,1,0,1,1,1,0
4.93494567596458,24.549291114322802,0.7718276673564876,1.3243537525153282,0,0,1,0,0,0,0
4.770310593017609,31.8912960645878,1.7450153297892188,0.8579155371635123,0,1,0,0,1,0,0
-0.15932464438354765,26.05704304227032,-1.8170156362331769,0.57728936459106,1,1,1,0,1,1,0
1.5886787623121283,29.850739077011447,-1.3110670542982046,-0.45359993752725114,0,0,0,0,1,0,1
4.680132154458567,16.23257590223731,-0.8423691740878092,-0.36980664624650267,0,1,1,0,1,1,0
1.813359943542128,9.282787774867746,2.0462666032920334,3.7630856627593414,0,0,0,0,1,1,1
4.198587831087786,18.632483877178608,1.9760817450228667,-2.95032448648151,0,1,1,0,1,0,1
4.956294665024323,47.439302302400456,1.572395038633044,1.1006614720760814,1,1,0,0,0,0,1
-0.4549130759860891,35.9828395475063,-2.908592922006827,-1.7476045946050789,1,1,1,1,0,0,0
0.6713146899993003,37.70970275076013,-1.3900168681522262,1.0408383101481211,0,1,1,0,0,0,1
1.4597513988120276,23.776209536778826,-3.6903880922429746,1.9050867674768757,0,1,1,0,0,0,0
2.7069675438872585,41.064474405890586,1.7793769359757576,1.2675938295184739,1,0,0,1,0,1,0
1.657646292032891,20.68595854793034,-0.9485872158492095,-0.8214409109745291,0,1,0,0,1,0,1
5.915879255581717,42.29717217234563,-2.458135373461618,-0.08227772655170332,1,1,0,0,1,0,0
3.6003934121852255,23.618553946637554,-1.0403591698186663,-0.49661801729437643,0,0,0,1,0,0,1
3.19471043770431,16.650651382086647,0.8625173540595801,-1.5196856940260144,0,1,1,1,0,0,1
3.3719588304385173,28.124922187486998,-1.1488519264374175,-1.0587826585062543,0,1,1,0,1,0,0
1.2397184434184552,3.9692987464468157,2.4436705662483362,1.794688847286287,1,1,0,1,1,0,1
3.792201788138063,32.289384220311604,0.6337179476614451,-0.3019323004278467,0,1,0,0,1,0,0
3.8208189563973813,22.208121336079614,-0.5579916731743141,0.7827965215484844,1,1,1,0,1,0,0
2.8899948753384663,31.27657878456997,-0.5040851205239505,-1.8843782186655123,0,1,1,1,1,0,1
-0.3751496595725641,36.390739961649686,0.6121923442182331,1.0832453109224967,0,1,0,0,1,1,0
0.6293775840899936,21.102415555007276,-0.6376848829859056,1.9401520536097494,0,1,0,0,1,1,0
3.7114707047789324,18.01401751302712,1.6317518855985567,3.7305349212375334,0,0,0,0,0,0,0
1.333742042141191,39.97721908236623,3.3524862073603483,0.3641830800168971,0,1,0,1,0,0,0
2.644221000116082,27.420456083511784,1.7519768167444245,0.8458612651353447,1,1,0,0,0,0,1
3.5359749407002554,22.782859262728763,2.006024630265051,-0.5148996629822437,0,1,0,1,1,1,0
1.1697908250816178,23.186280888402507,1.5083206504771527,0.1333903390629725,0,1,1,0,0,0,0
5.64182257451813,22.518201215387034,0.7687042862051144,1.4577348960164502,0,1,1,1,0,1,0
0.25578561570433056,21.04199312572465,1.6589517575179515,2.5207153670981297,0,0,0,0,0,0,0
6.115810960853427,36.27040514125094,0.5250688993175738,1.9983901339563248,0,1,0,0,1,0,0
3.0298458575807956,12.846582631173014,-1.737704889214545,0.7895207086674352,0,0,1,0,1,1,1
1.3962439480669526,-0.4408633184263471,-0.9843278563777362,2.0959636714637577,1,1,1,0,1,1,1
2.9239855680012687,23.85093500435696,-1.604298081259991,3.970898556658025,1,0,0,0,1,0,1
1.9295879754874168,8.113680358684586,2.4627236869102056,0.3742656568791414,0,0,1,1,1,1,0
4.270528706699593,24.220492200869774,1.8154805928700175,-0.8002585288897108,1,1,1,1,0,0,0
2.619886325309516,26.247828075882726,1.1036732891474519,-0.7245245175768673,0,0,0,0,1,0,1
1.5458564568834086,19.589876284167822,0.8524492887369802,-1.3375182533774992,0,1,1,0,1,0,0
-0.5589468167127629,27.777514204084913,-1.0125663456374803,-0.48646297797406657,1,1,1,1,1,0,1
4.038484317188594,24.01816280125476,-1.7500312549631811,-0.7269145487989488,1,1,0,0,1,0,0
5.509118680230178,32.146224670816686,-1.2309688440245226,1.227172759447141,0,1,0,0,0,1,0
4.198177420063686,20.85508708435128,0.9115509513661091,3.0275172118093154,0,0,0,1,1,1,0
0.3085871512248939,22.451057787859362,-0.8531911201687519,-1.974008121071908,0,1,1,1,1,0,0
3.8936760304582347,34.18799212561114,-0.5528442694654627,1.0144152388070087,0,0,0,0,1,0,0
2.5302961162219195,32.33583911197534,0.9714779649563656,0.02809697361746948,1,0,0,0,1,0,0
3.677331267839981,20.60896782921107,-0.15508808773585175,-0.04566817908640898,0,1,1,1,1,0,0
0.7278840933629942,27.810798580996657,1.2246853691224584,-1.549643773032376,0,1,1,1,1,0,0
0.7962043878933391,29.445843722387067,0.2816899062791546,-1.4941664659016975,0,0,0,1,1,1,0
3.7941171835246785,37.060370176237875,-0.3450212628906253,0.33110622076823243,0,0,1,1,0,1,1
2.6992462506613304,24.156608192775906,-0.45411952914179793,-2.2084142532282387,1,0,0,0,0,0,0
3.039517581447195,16.85644534082626,0.8083460408384153,-0.983656823014901,1,1,0,0,0,0,0
1.3128881821941398,15.990760843891955,-1.0611366600626846,2.2974465622116673,1,1,1,0,1,0,0
2.6075025790499047,20.75910581193672,0.003712470598940031,-4.743496533341816,1,0,0,1,1,1,0
3.4638076463543888,30.960039438349874,-1.6444374205483145,-0.28229179204648225,0,1,0,0,0,0,0
2.327184907488344,1.744251565752918,0.9624256290221942,0.584621595572543,1,1,0,1,1,0,1
5.4431938010180705,30.765563339659725,-1.800225829071076,-0.7143269867677415,0,1,0,1,0,0,0
3.0514019174142994,47.616004284500725,-0.6230012640891257,2.004266485744827,0,0,0,0,0,0,0
-0.7269533320399089,52.28595163534569,-1.227133996768882,-0.43069919974600135,0,0,1,0,1,1,0
3.7262390452558805,27.047779098325456,1.3211689685138603,-1.124973820303667,0,0,0,1,1,0,0
4.687260880951211,18.13218678907955,1.7443814418018173,-0.8677496759704448,0,1,0,0,0,0,0
5.270175639129132,26.963896288011668,0.8099929448171053,-2.858681577973666,0,0,1,0,0,0,0
3.6643753816798803,20.627517494458758,-1.1769713727955873,-0.33282735351344006,0,1,1,0,1,0,0
1.4104064720185372,19.315205975442744,1.497009314183967,-1.807703209509628,0,1,0,0,1,0,0
1.308791798404632,31.01959893451694,1.0262498232332342,0.3830869326078943,1,1,1,0,1,0,1
-0.8408385284944546,27.36972358576142,1.1838460257562784,0.8501556439427989,0,0,0,0,1,1,1
3.1052340909603284,21.63845603402811,1.0213622933388415,-0.36041625006370803,0,1,0,1,1,0,0
0.7271579300152657,27.3115662348893,-1.2038458435690997,1.0680776378300267,0,1,0,1,1,0,0
0.47102545183944367,32.503537334677596,1.9245113932019984,-2.865490937037413,1,1,0,0,1,0,1
2.528264231318542,22.753800205192853,-1.31190671028149,0.9807747973662468,0,1,1,0,0,0,0
2.812093553894847,29.433235603470717,1.8865717942240878,0.879799387222069,1,1,0,1,1,1,0
3.213946612668032,30.430047776704313,-1.2524947087082197,-0.32717980728952756,0,1,1,0,1,0,0
1.1633594762805977,16.02900906268749,0.14273435538919269,1.7268528266954641,0,0,0,0,0,1,0
-0.48116895812691807,38.87838996218771,0.39063585854435456,-2.226550365409261,1,1,1,0,0,0,0
4.0412047452531485,23.841394603899666,2.650557095434851,-0.8412918048376725,0,1,1,1,0,0,1
1.5480029401630064,31.474860500443103,-3.7674496249471443,1.0597712183516017,0,1,0,0,0,1,0
1.0053799702106216,52.43692673689803,-0.5885697646404093,-0.3626316652270823,0,1,0,1,0,0,0
-0.9089812847309606,29.260128431625496,2.7514194159858416,-0.6311704048414185,1,0,0,0,1,1,1
3.1992697623354087,18.15313345641746,-2.1461245959958273,-1.147971293906093,0,0,0,0,1,1,0
1.8744381085934667,31.96927976711348,-0.8795241295590268,0.8574207913127885,0,1,0,0,0,0,0
3.6213709935515364,22.17557551136452,-1.158406572836653,0.06648972323510725,0,1,0,0,1,0,0
4.523264940269708,21.37129994428388,-0.7003792948700565,1.3738540333704048,0,1,0,1,1,0,0
2.6522485577637225,37.1519968715993,0.08901513497075271,-0.40116106486873254,1,1,1,1,0,1,0
2.393924710878249,35.8711771761464,-1.8489718689496872,0.4174728348276642,0,1,1,0,1,0,1
2.54629108846992,7.753608407568185,3.2864037469572267,2.7077728280408198,0,1,0,1,1,0,0
1.5974691279314241,29.29473697792748,-1.3390215476758858,1.231022609140464,1,1,0,1,1,0,1
0.880852403651146,17.93476677946083,0.4414301382342092,1.2463988248278708,0,1,0,0,1,1,0
6.413224441226003,17.253407190593983,-1.0272933721303839,0.48092056406964523,1,0,0,0,0,0,1
2.4155839346314445,58.797146054791924,0.7166714753666454,0.41010988635932477,1,1,0,0,0,0,1
1.151000503999574,24.98195683938316,-0.20685732178154154,0.5493560902067507,0,1,0,1,1,1,0
0.2608852930915071,28.357272255400666,1.052510617368101,-0.3485471804127114,1,1,0,0,0,1,1
3.501298950902985,23.439547920576583,-2.6055860992994573,1.9425659747450625,0,1,0,0,0,0,0
1.849710389253794,43.81608826703592,-1.8432936344560558,1.8446186034751009,0,0,0,0,0,0,1
3.6126286352235253,30.996308871817565,1.0208175377915472,2.289625477873792,0,0,1,1,1,1,0
3.469674641463236,34.622112191746446,-0.15621724552241775,-1.2755158250335827,0,1,1,0,0,1,0
3.0979315733866026,19.704333437139315,-0.1635293610281966,0.9397109700519284,1,0,1,0,1,0,0
4.662788847662731,36.32765487023682,-2.63327937917407,-1.9584108029685263,1,1,0,0,1,0,0
3.7499282602637845,19.55176046536682,0.2756247434982049,-1.841655182553419,0,1,0,0,1,0,0
3.3358031344639834,40.660975223260316,-0.9010837504019982,0.1752865140999136,0,0,0,1,1,1,0
4.514307253224862,37.03905563532332,-0.18683863394451067,2.2306241135263716,0,1,1,0,0,1,0
-0.5512146931520152,25.185250907754554,0.714156771610699,0.6223881696317533,1,0,0,0,0,0,1
0.2837662167714743,34.068059361240486,2.513498275036791,-1.8201817617840645,1,1,0,0,0,0,1
1.3325270675592917,33.909249921712735,1.621157046274551,-1.2869721290164478,1,0,0,0,0,0,1
3.7804817919765186,3.581569786933417,0.16830930026744606,1.7201162875341138,1,0,0,0,1,1,1
3.0517315448185,26.888305387891855,0.3978811184110108,0.18825214460176465,1,1,0,0,0,1,0
0.1468273317844344,38.61374392873729,-0.3272954810519991,-0.8587553855332164,1,1,0,0,1,0,0
1.3908895183802343,45.580171735455075,0.9742759563725244,1.5083209227277101,1,1,1,0,1,0,0
3.586546210826199,25.39308743398392,1.4150166089039966,-0.42099728820814664,0,0,0,1,1,0,0
-0.7071594498552625,40.659591046050004,0.20999327850930752,0.5623173031524736,0,1,0,0,0,0,0
1.0389793369281388,19.021156579862705,-0.6678675219834111,0.19697596911212267,1,1,0,1,1,1,1
6.515969312029774,25.546633077959275,1.8100051984274343,0.3741636684878743,0,1,0,0,1,0,0
1.1202323782009487,45.365447378950904,0.754074249739734,-0.3327794823544321,0,0,0,0,1,1,1
1.9276551713937484,21.5738820046937,-0.14314939307781138,1.1499770798720423,0,1,1,1,1,0,0
2.201969969175034,22.702856957697914,3.0524222259576086,2.4403080705056586,0,1,0,1,1,1,0
1.0074180022782588,20.435131944413566,1.2486096681258452,-1.379136660806186,0,1,1,1,1,1,0
0.8986351454503366,28.16397409271234,-0.019820410913788646,0.5744557743608778,0,1,0,0,1,1,1
2.3442078138703755,22.9661219756416,0.24875184073614168,-0.256699192954396,1,0,0,1,1,0,1
-0.2877813320308271,54.62734696187589,0.428676737258765,0.2383194214633603,0,0,1,0,0,0,1
4.321431583545671,22.317009639571154,1.1943483592196964,-2.35861606275828,1,0,0,0,1,1,1
0.28953635764446606,35.98993765710462,0.4751227098758066,1.702392597736044,1,0,1,0,1,0,0
3.3807643852194524,26.46861970058572,0.18844080466886998,-2.3511117873417047,1,0,0,0,0,0,0
3.768792452940823,27.486921203480854,-0.2908286850846848,1.3758079008100712,0,1,0,1,0,1,0
3.15760870358922,20.121879256121012,0.11898653852793002,-0.30847050459785746,1,1,1,1,0,0,0
1.5376433667751728,22.221071910902136,1.5153528895329402,0.9946139079383932,0,1,1,0,1,0,0
3.4073164359446597,23.916202527947675,0.1157350031417228,-0.7997937120333991,0,1,0,0,1,0,1
3.901127293869587,19.76536195427571,2.275331869785096,-1.512503289561635,0,0,1,1,1,0,0
4.226565546781234,21.730208402268676,-0.44185913165688717,0.48675883154131594,1,0,0,1,0,1,0
4.75696969201487,32.58602751827887,0.06327523842126394,1.4710378797463797,1,0,0,0,1,0,0
-0.25695386747648596,33.626084077126954,2.0034821710035615,0.9500693007440271,1,0,1,0,1,1,1
3.9250760633952817,30.912623551148,1.1333166304579574,-0.13297681349294582,0,0,1,1,1,0,0
0.6075383211620311,28.619657948966072,-1.247084111026919,-1.6941073382178513,0,1,0,1,0,0,0
3.494263262536995,27.55336513453148,-4.000986635844436,0.8341362129463287,0,1,0,1,1,0,0
3.2388160131798505,54.96092746790906,0.265933630916916,2.565334788693798,0,1,0,0,1,0,0
5.303935330987465,29.477367367521218,0.28462701358310843,-0.25392979523157444,1,1,0,0,0,0,0
3.6052566524028986,15.860963380324044,1.0814044806083918,-0.14732881875163906,0,1,0,0,1,1,0
4.549688680906462,15.951101467025815,1.402615570003507,0.1953678902905343,0,1,1,0,0,0,0
1.0843735849885787,32.87982566896957,-2.399508210460565,1.2333002599014087,1,1,0,0,1,0,0
3.450609418218109,23.15707514199986,-0.7852501064606608,0.4043349409349185,1,0,0,0,1,1,1
2.54756203914324,30.865749753872958,1.9290232048641087,-0.045230773231263545,1,1,0,0,1,1,0
3.7559836746288404,17.965333601054233,0.14353163498625304,-0.49090352394592685,0,0,0,0,0,0,0
3.0167973539586073,21.17616745257943,1.9453720705121684,2.35401991231653,0,1,0,0,1,1,0
1.4633629003364603,49.243848242153085,0.5836755127570544,1.6082233380123,1,1,0,0,1,0,1
4.314874360390406,26.722036394597282,0.5297175235758707,1.3202929936809804,1,0,0,1,1,1,0
4.09360971561312,26.620835153760215,-2.1296159780836224,0.024302984016482513,0,0,1,1,0,1,0
3.972749326356248,34.07751268990321,5.154250891273876,-0.42903378456327224,1,1,0,0,0,0,0
1.6722369713723606,17.137532023970767,0.7553004813180284,1.1067442784172694,0,1,0,0,1,1,0
0.46902926711063486,20.126077332332066,1.2748723977152225,-0.293238029395241,1,1,1,0,0,1,0
1.6266996177336295,17.700625400690463,-3.7826600097724237,0.8308773210748869,0,1,1,1,1,0,0
2.697250062685444,28.470928007919067,-1.0607052910954575,-0.18518448727973902,0,1,0,1,1,0,0
2.813864620297024,15.749988372188247,-2.2575610271739106,-1.1600130322238618,0,1,0,0,0,0,1
4.574628782489732,42.27004667325552,-2.7440256222757187,0.22254838451131698,0,1,0,0,1,1,0
0.9447523221455665,18.915942740708157,0.8781862826450997,1.2173227897476613,0,1,0,0,1,0,0
3.9580762881407816,30.588977490361707,1.7695228091495228,0.16892677111221066,0,0,0,0,1,0,0
2.146903787959047,27.04802792122785,0.5361464075311859,0.11717754779950168,1,1,0,1,1,1,0
4.609125309909269,22.070759201767146,0.4739709250317522,1.108269902419964,0,1,0,0,1,0,0
2.5044305257998136,15.65568733622747,-0.8213082251209164,-1.2232171263239577,0,0,1,0,1,1,0
3.59059646530007,16.499122469827483,1.4493293253021426,-0.6676494301294225,0,0,0,0,0,0,0
1.0352957453797282,28.558845716163404,-1.078380011397373,1.843382126910956,1,1,1,0,1,0,0
3.2187669148284805,21.37380624590299,1.8845276827816344,-0.9593780098780382,0,1,0,0,0,0,0
4.140682352364282,25.43704461034314,-0.6154542406862407,-0.8307504117017382,0,1,1,0,1,0,0
3.2072805454648607,24.896022295910875,-1.5206059266588419,0.1999024753857468,1,1,0,1,1,0,1
3.811637016008819,45.9218090247059,3.424818422234808,0.3647576411503795,0,0,1,1,1,0,1
1.5784259859733032,19.75099739978485,-0.7948742907588571,1.6866056532588858,0,1,1,1,1,0,0
4.362313165052607,27.144779058318665,0.4559710451739799,-0.0505425447839174,0,1,0,0,1,0,0
3.3616811594109786,23.26686215557959,-1.0997699448679197,3.5099554272436992,1,1,0,0,0,1,1
3.1885845861114084,27.525829144618793,-0.7356822146347508,0.08877040210209572,0,1,0,0,1,0,0
2.233856531981364,30.076596380228384,-1.470914311064139,0.35268119153693617,0,1,1,0,1,1,0
3.1317592923030766,5.246382326690243,4.116738160591912,2.876587251810793,1,0,0,0,0,0,0
3.951398566084759,16.765495357260136,-0.48690431794281147,0.373455011550207,0,0,0,0,1,0,0
2.9172694532156447,19.690687263746664,-0.21232815547141826,-0.770040315911731,0,1,1,1,1,1,0
3.675058287173572,18.90296677383897,-1.077087574668605,-0.4378985871304147,0,1,1,0,0,0,0
4.252694329893827,19.333064513865136,0.30203219850292085,1.4867298836398604,0,1,1,0,1,0,0
3.4950743036136696,20.458637530771302,-0.31152705084039956,0.49183845440460594,0,1,0,1,1,1,0
1.9656443307115907,19.645369646839733,-0.5500130895916842,1.0699582436470236,1,0,1,0,0,1,1
-2.769065581400336,37.51915994380517,2.1481437830564296,3.6184867406041428,1,1,1,0,1,0,1
0.33532559548467566,18.268207963127683,1.214797724724788,0.03687819608830458,1,0,0,1,1,0,1
2.331564882397839,39.12123214381089,0.9867251718020522,-1.758667664613808,0,0,0,0,1,0,0
2.624113030521675,48.62974443979704,2.819300172904671,-0.5746159363683605,0,1,1,0,0,0,0
1.8067718195169902,29.19082288781161,4.173019803098478,-0.8775889770970811,0,0,1,1,0,1,0
3.602710172817737,26.180441371811465,-1.268357899185052,0.5492164718577952,0,1,0,0,1,1,0
2.19824820105924,31.93696792540126,-0.0055324422216625774,1.1002890245631396,0,1,1,0,1,1,0
2.7064438070501544,11.48968154706057,1.8644858570772154,3.8612150939381635,1,0,0,0,0,1,1
1.9275758368209188,38.42338049396395,0.4616577361928087,0.5818262815588792,0,1,1,1,1,0,0
4.698613564530422,31.626212639537556,0.831390896166315,2.720681036084554,1,1,1,0,1,0,0
2.766087372462861,23.034197539669837,-1.5532887604465184,-0.7991979416324946,1,1,0,1,0,1,0
2.3663647192166315,44.02539031710819,2.3584078544208493,0.07568104163548403,0,0,0,0,0,1,0
1.9789826942436908,33.320272484621235,0.7435065591394105,1.3271071597686812,0,1,1,0,1,0,0
4.410059206585464,27.200525486888967,-0.48597939759615644,-1.7945273915183233,1,1,0,1,1,0,0
3.2681725865419695,20.774627302325797,0.361700720973135,1.6926577922255226,0,1,0,0,0,0,0
2.1208460149055726,21.168837981449578,0.0013270225009622007,-0.07635445384073544,0,1,0,0,1,0,0
4.663994004075317,31.108386854366138,1.5101363524569695,1.8321349631479826,0,1,1,0,1,0,0
2.9895748051226643,19.56452345860113,-0.00894637305520277,-1.1186671386023468,0,0,0,0,0,0,0
3.269809835464006,14.07846944857189,0.2650003861328277,1.695671258772872,1,0,1,0,0,0,1
2.8649795246241125,34.99424701161824,1.880092970867974,-1.509571464989512,0,0,1,1,1,0,1
3.9257885805007797,21.268428457321964,-1.0844083505885869,-0.0825571287403011,1,1,0,1,0,0,0
3.636067221747197,1.4372768189445788,2.2704976018813534,1.4678847356108577,1,1,0,0,0,0,1
4.716526493677021,25.961687694151944,0.8279262290803864,1.7642037594246167,1,1,1,0,1,0,0
3.69137879024104,23.149278529240817,-0.7236596605485137,-0.48148872432914025,0,1,0,1,1,0,0
1.9068621983002698,22.64685377405531,-1.0562301485457828,-1.1091282627678463,0,0,0,1,1,1,1
3.709192688691106,19.628139025896562,-0.8071952221015866,-2.1385443631790757,0,1,0,0,0,1,0
0.6502979946713559,7.991464711378275,1.8242366303092061,4.19714494386766,1,1,1,1,1,0,1
2.13617685828855,15.37893592617478,-1.1922685765577816,-1.4307510658644509,0,1,0,0,1,0,1
2.583933709797337,20.918154227421866,-0.8722880342103063,-0.982921986288973,1,0,0,1,1,0,0
1.3744720068464882,27.79905125611946,1.5838023189520343,0.6463686542778986,0,1,0,0,1,0,0
2.5260514218372836,40.331452095336054,-0.2596429145638599,1.0540280523587737,0,0,1,1,1,1,0
3.4745717003283056,19.532787488230102,-1.2399110739969776,1.3614260620423835,0,1,0,0,1,1,0
3.4433699921991496,34.75834655273112,-1.1567143627853773,0.6490109533187756,1,0,0,0,1,0,0
3.4781838936866722,20.67983345223662,-1.074366268014097,3.1169936256414905,0,0,0,0,1,0,0
2.222607308684079,25.422062256617618,1.3578604520158208,-0.0629567853164507,0,1,0,0,1,1,0
0.3971602372021428,32.686760418396425,0.4528775965010585,-0.6117536901955953,0,1,1,0,0,1,0
1.5990248411561527,28.69781812599316,2.1348964109702497,1.0911176184767102,1,1,0,0,1,1,0
0.6818086058773252,19.938255158919343,-0.6118070294543623,0.525386788958608,0,1,1,1,1,0,1
1.544963266416989,19.464825856093537,0.22356261087389634,-0.07424596849001316,0,1,0,0,1,0,0
1.503006830000269,18.92646598278874,2.1110906416015878,0.5332395513337215,0,0,0,1,1,0,0
-0.5283863426966899,58.061547649582074,0.9439183441359338,1.7064060954514513,1,0,0,1,0,1,0
0.18550069699941885,33.22474670973526,2.6167017686703558,-1.9635781875627099,0,0,0,0,0,1,0
-0.2641853808517507,42.470226943516934,-0.8392598049288171,1.3103186298345113,1,1,0,0,1,0,1
0.9356614780233067,27.05930762950146,-0.4545538382278915,0.8629036143362555,1,0,1,0,0,0,1
2.209687280568872,34.66954236700833,1.923870078426376,2.510852666371016,0,0,1,1,0,0,1
1.0368183684273493,41.56721891870248,-0.6435650202803875,-2.4613219914600526,0,0,0,1,1,1,0
3.845175881363245,35.69010620840344,-0.15107485831200518,-0.49638799295424374,0,1,1,0,0,0,0
4.104892116384769,19.2466068470075,1.754086826981426,-0.0756270766997144,0,1,0,1,1,1,0
2.2756366091574893,36.69082072359415,-1.256782608975025,-0.297544826106484,0,1,0,0,0,0,0
3.8906457736897417,29.926010057408106,0.21712041650965333,-0.646901017875029,0,0,1,1,1,1,0
3.275281385293465,25.718000607689426,-1.6118684815001263,1.387891538937264,1,1,0,0,0,0,0
5.533409241324243,18.32047607232176,1.3513372015994132,0.22101011906604487,1,1,0,0,0,0,0
5.407527448298364,35.106601697473536,1.0411730910970225,0.651181018697732,1,0,0,0,0,1,0
0.7807275468714652,45.89455177955876,-0.8993777267278777,0.20890821141525323,0,1,1,0,1,0,0
2.259169742535242,24.87456056872079,-0.9793745479506679,-1.7687408962354554,1,1,1,1,0,0,0
3.0862534618623827,20.54109883730224,-2.048604189399166,-1.1039646228148232,0,1,0,0,0,1,0
1.9431947326410817,43.91538437728155,0.0344602284946912,-0.8811538270857879,0,1,1,0,1,0,0
4.180009790748065,25.38460709050527,3.360085507172035,1.155731529632874,0,0,0,1,0,0,0
5.3774632694471585,20.359295619218315,-0.9206697041052214,-2.4272791371662468,0,0,1,0,1,0,0
3.3555988215676997,22.791350607672022,-0.520596829417975,0.8233435644013875,1,0,0,0,1,1,0
1.7393204178601898,33.70441153968502,0.6017579922160043,0.5526261905374692,0,0,0,0,1,1,1
1.5846461221352441,50.9049513416157,-0.5620359842271305,0.2913470602048329,0,1,1,0,1,0,0
3.5357293424903187,21.940323190033833,-0.40324043090807016,2.7944290709857773,0,1,0,1,1,0,0
5.506690556407879,14.050172166451025,-1.2475534464330589,-0.3543886243296871,1,0,1,0,1,0,0
2.4461237104477984,21.897663956711202,-0.6669209568468185,0.8680409783647283,0,1,0,0,1,0,0
2.7147333147883477,34.90098167895368,2.4531472672410297,0.42848690228644504,1,0,1,1,1,0,1
3.384273703572949,44.294164236072795,1.159590027223813,0.23630906586676304,0,1,0,0,0,0,0
6.04373663602519,20.549879022866257,-0.9922474166881661,1.4120125756055035,0,1,0,1,1,0,0
3.7617043493798317,22.501109607809397,-0.5818176864228268,0.20564233333380727,0,0,1,0,0,1,0
2.739239275751066,17.567118411977265,-1.3698409189938048,-0.024381000949234483,1,0,0,0,0,0,1
5.025694235144059,24.52359894196949,-1.3854456051130157,-0.26081019373392983,0,1,1,0,1,1,0
1.9034784477007203,25.523725484661515,0.6989036883880408,1.2442012875513826,1,0,1,0,1,1,0
4.1324759558185,29.51140510308854,1.7775074651552805,0.0060071490865342735,1,1,1,0,1,1,0
1.9543897724311887,38.504848728484,0.6498609649169949,-0.4170432632686878,1,0,0,1,0,1,0
3.6483191198785327,24.377439144422553,1.8910793786616316,-1.9998594189107008,1,0,0,1,0,0,1
0.3163007601875627,21.376728493273546,-2.097678035760015,-1.948899088871547,0,1,0,0,1,0,0
4.404015206856985,40.518142774698035,0.6022043324263849,-2.145979295956262,1,1,1,0,1,0,1
1.2021326735268332,17.617111673582635,0.9228222740239779,-0.3275604935389325,1,1,1,0,1,1,0
2.0376046141078104,33.64012733379061,0.11999003647114237,0.05422827089628579,0,0,0,0,0,0,0
2.2738479743192874,52.94944081367234,0.05565001462897957,-0.5247961318436047,0,1,0,0,0,0,1
2.9154625499412763,30.81918237877195,-0.9052901786205982,0.30118161413323663,0,1,1,1,0,0,0
-0.646735777945942,39.34637878553746,-1.9743031804456672,-1.2161207417536735,0,1,0,0,0,1,0
2.080737202192711,40.34636788405175,0.3037548125692594,-0.20281774679618841,1,1,0,0,1,0,0
-0.8193818958985739,21.20800318308166,-0.6466058972217936,-1.7940347598685475,0,0,0,0,1,0,0
3.2910319404815453,30.977582456927742,0.2212692421874715,0.15282662284295817,1,0,0,0,1,0,0
2.265866510279916,18.336795744945572,1.7567704108968605,1.426230351999477,0,0,1,1,0,0,0
1.3655574485803648,40.67899308011967,0.30668098119948206,3.1163850524804273,0,1,0,0,1,0,0
2.6888591957566894,-0.9584520816105249,-1.351614477220454,1.352494880880636,1,1,1,0,0,0,1
3.3502656016417824,15.76681836909519,-1.3917390776127907,0.8919728901731736,0,1,0,0,0,0,1
2.7488329048178968,19.91164873488343,-1.28549433839295,0.25451270809308624,0,0,1,0,1,0,1
3.847533606587117,55.198975566594804,1.027017098492096,0.37362523598230435,0,1,0,1,1,0,0
-1.1217722583539054,41.16587756514177,0.8199027190750549,2.527429870156417,1,0,0,0,0,0,1
1.6114746421155617,34.1103199239086,2.923584901998025,1.1629262119403,0,1,0,0,0,1,0
2.7360946633487746,21.874606640709334,0.1905915384457258,-0.2954582329322921,1,1,1,0,1,1,0
3.2045998525130686,36.44703126098389,-0.8888105079352624,0.4747725263263114,0,1,0,0,1,1,0
5.491619395632066,21.578283421769033,0.3485465839581636,-0.48115222158924353,0,1,0,0,0,1,0
3.4330924172764794,16.88374343763788,1.2664809245347044,-0.28708016962659244,1,1,0,0,0,0,0
-0.016613616337469495,16.935368928542726,-0.7722591651299817,0.610712066667888,1,1,0,1,1,0,1
1.8427797717338894,26.677741602450915,0.946550807226019,-0.47980702778385204,0,0,0,0,1,0,0
2.7098464839883802,22.442740208520437,0.1388919296683373,-0.27853825296366463,0,1,0,0,1,0,0
2.3811975716206573,22.177883196681094,0.16507281797962736,-0.755200757108025,0,1,0,0,1,0,0
3.207359112457838,47.13291262440458,2.096910511161735,0.7721912510991263,0,0,1,1,0,1,0
2.1073318417073574,37.298151267820174,-0.30172709763642086,-1.966400153682804,0,1,0,1,1,0,1
0.8270537797908519,3.3652437190146784,0.7553895469435554,2.6487447783500855,1,0,0,1,1,1,1
-0.9469062657338014,21.11053063272868,-2.79745956487527,-0.40728387077124284,0,1,1,0,1,0,0
2.7207083233995637,64.51539376653938,-0.19731583868088237,-0.30568691960914685,0,1,0,0,0,1,1
-0.8163892100154002,69.7343592823581,-1.684657311996633,-0.755975122505745,0,0,0,1,0,1,1
0.3210292702760835,26.178462290909582,-0.024115508992162502,1.0230576346985798,1,1,0,0,0,0,0
0.03947147663118755,17.61107695957723,-0.29104022156559056,-0.479599939666404,1,0,1,0,0,0,1
0.6906156792106968,30.542509047653873,0.6420861522315829,-1.3842044180973743,0,0,1,0,1,1,0
2.8463595470775087,53.53009854055481,-0.19070201097489609,-0.24024269159938552,1,1,0,1,1,0,1
2.7460349220233673,26.933315547034972,1.881388004706538,0.45204918798060234,0,1,0,1,0,0,0
3.828698165339124,24.10651474791101,-0.22303788557009166,0.7794973767553852,1,0,0,1,1,1,1
1.1825223176570538,21.56224986994745,0.7999149059005043,2.0870956982093665,0,1,0,0,1,0,0
1.1753794093679433,20.163348491224784,0.6789763413654285,-0.022563316393225223,1,0,0,0,0,0,0
1.5529974235143773,24.51026600817294,-0.690883938296468,-0.7468008136172118,0,0,0,0,0,0,1
0.10285749177189407,37.730816377449784,1.8231755939527425,-1.5963378040605767,1,0,1,0,0,0,1
3.2021104278228334,20.91214750722814,0.30333963122572116,1.080899158684959,0,1,0,0,1,1,0
2.943344331350881,18.74401085002109,-0.26761552013654405,-0.5880926595230049,1,1,0,0,1,1,0
2.782958560108742,22.405195083869664,-0.398243768233227,0.6366564177213347,1,0,0,0,0,0,0
2.2370214829452584,19.775204287519436,-0.20892658721342763,-1.8313354042549783,0,0,1,1,1,1,0
4.8071373681575515,28.229728148355754,1.7945269000968302,-0.2818268477522634,1,0,0,0,0,0,0
2.606810038384055,36.04464000027,0.18737456082903287,1.6021570952884314,0,1,0,0,0,0,0
2.869214025546317,22.41005085427092,-0.40119146594945154,1.0944714064851309,0,0,0,0,1,1,0
0.7411083064210957,9.996791242445731,3.5139344904422107,1.469209784229826,0,0,0,0,1,1,0
1.5402657376332307,18.876670022245616,0.3367457968614599,1.338645181852275,0,0,0,1,1,1,0
3.161797220129674,14.63630234117183,0.27155566910261475,1.1920543448596916,1,0,0,1,0,0,1
0.6136653312791397,64.09499535872979,0.3564468840242583,-0.28055514342438215,1,0,0,0,1,0,1
4.007374283931887,20.836275467799652,3.755589531746726,-0.04555004715561684,0,0,1,0,1,0,0
1.9758143139298254,20.497808140923297,0.7149021423209695,-0.6522718413740164,1,0,1,0,0,0,1
4.698249383932765,20.1997853175055,1.3652207647202523,1.676483030732843,0,0,1,0,1,0,0
0.910201934090707,34.82511201026836,1.8436310938971623,-0.6322288125517872,1,0,1,1,0,0,1
2.7248177400978664,40.35178352695751,0.6865544638377339,1.6530349991171,1,0,1,1,1,0,1
2.2172786470301817,19.771697681847296,-0.5327059455201695,0.2706606464777723,0,1,0,0,1,0,0
2.525377302592398,40.1143343985252,2.385379089232334,-0.5237761233560665,0,0,1,0,1,1,0
2.3717024791758248,24.51923220382697,-1.0120560577233872,0.3306483489807417,0,1,0,0,1,0,0
2.5534097580825126,24.61132722079008,0.507605180919282,0.33037888395378445,0,1,1,1,1,0,0
2.7312088870160243,17.27023423406336,-0.7084102717004772,2.6228031250465853,1,0,0,0,0,1,1
4.02700588228998,18.115526265792617,-3.0334091702113106,-1.1698240784438505,1,1,0,0,0,1,0
4.5896605143626665,30.388005513159133,0.5383035471483013,-0.8341312372167772,0,0,1,0,1,1,0
4.67933756607108,23.363706661791543,-0.397027122823139,1.881406192415179,1,0,1,0,1,1,0
2.2578668757682463,22.16055185351673,-1.2123234171926551,0.3369588577342896,1,1,1,0,1,0,0
3.940441455640357,55.7325314930305,1.1189674420110642,3.363251040519443,1,1,0,0,1,1,0
1.673516741884756,30.76539869290382,1.6564434156401566,1.7099200853813745,0,0,1,0,0,0,1
0.7621208974202287,48.62252816258013,-0.5704936228183386,-0.24411026673175654,0,1,0,0,1,1,1
4.249274846995702,18.310948591952922,1.7083609464298286,0.8139546618258771,0,1,0,0,1,1,0
2.9349578067701776,30.81097170489802,0.22209147076384939,-0.25439614333675087,0,1,1,0,1,0,0
1.6892595882858024,23.49907927677688,1.2187826218248161,-0.06901560028039593,0,1,0,1,0,0,0
1.7948507640825047,44.26546681649547,1.3641710404182956,1.9480918338159352,1,0,1,0,0,0,1
2.116223571311505,22.3177085791488,-0.04109702953747849,-1.7238307894016098,0,1,1,0,0,0,0
5.792644787560094,24.811174386587084,-0.6175874734528649,0.818079482580731,1,1,1,0,0,1,0
-0.7381078646247183,34.55739121897353,0.6157114728517306,2.591464183395466,0,0,1,0,0,0,1
1.0250596488091437,22.81564275350996,0.9752793728475582,2.243096526417889,1,1,0,0,1,0,0
2.950440762159531,41.80194637791459,-3.0151645478594014,-0.34851150270641923,0,1,1,0,1,0,0
3.8281493754847213,31.190953328552627,1.2180103502075692,0.017256895912132832,1,0,1,1,0,0,0
2.4769772496208375,30.12730130908735,0.02185180012130812,1.3610694311850349,1,0,0,0,1,1,0
0.520081200399162,64.38655143019218,-0.09204694939697464,1.4269414723937932,1,1,1,0,1,0,0
2.536879352468123,33.007085065479046,-1.5471123157284397,-3.9640840332132155,0,1,1,0,0,1,0
0.4175912637864124,21.546014749964662,1.0772551002031527,0.40590564294468956,0,0,1,0,0,0,1
4.20486562919505,28.87223907346172,-0.6493957147426646,-0.4156637227850183,0,1,1,1,1,0,0
1.7792055205035968,29.46294117037539,1.4315603461290984,-1.7953189298594565,1,1,0,1,0,1,1
2.9942112225450566,18.19841584940652,0.3390890297309801,1.5959892608524835,1,0,1,0,1,1,1
5.033641019286632,19.35845184199249,-2.2296980667769564,-0.4775600547664267,0,1,1,0,0,1,0
2.551551451631661,30.44555738683389,1.0356468540740955,1.4261606665138395,0,1,0,1,1,1,0
1.4302016199790601,33.362370032344664,-3.765345964286233,-1.3232697848676085,0,1,0,1,1,0,1
1.2736204895543055,19.531359126543773,0.06392538241407932,-0.08950497084002937,0,0,0,0,1,1,0
4.561246543427352,24.550598123919027,-0.885634994404022,-1.1087132343112298,1,1,1,0,0,0,0
3.367965492219227,34.648097191883465,1.1146153375826682,-0.11030932666044836,1,1,0,0,0,0,0
2.955379366573652,18.047424841909898,1.9983838264163536,-1.1567090497557482,0,1,0,1,1,0,0
1.4621719269884272,59.48372576893471,1.6025439370572165,-0.3293392303403785,1,1,1,0,1,1,0
3.3875289212081343,32.61589980099394,-1.114559845231153,0.3515758781911927,0,1,1,1,0,0,0
1.5767916672092377,34.691470624210844,0.2443353614702447,-0.7823487923248154,0,0,1,0,1,0,0
2.89679804942513,27.565591676595872,3.8284432813495464,-0.6897277180297741,0,1,0,1,1,1,0
-0.39361477867790695,52.670341017771825,3.1913069704519437,1.6473665315710813,0,1,0,0,0,0,0
4.132151894048707,20.40363308648735,-0.13034989516479462,-1.3820899818671981,0,0,0,0,1,1,0
3.169153840007499,27.171811348655325,-1.3434108785787298,1.8591501970315403,0,0,0,0,1,0,0
5.124052574437744,26.019873191977613,0.8576276896721562,0.31151274939833445,1,0,1,0,1,0,0
1.907397217542659,18.01662497122367,-0.42709638760121715,-1.3501561361095327,0,1,1,1,0,0,0
1.8096613017660204,25.377270301002575,1.9241998366228161,0.14214168642807684,0,1,0,1,1,1,0
1.5675897808086938,17.992277062025913,-1.7324774747427023,0.909998742996577,1,0,1,1,1,0,1
2.7216738618186316,24.998620409386884,0.4350307396914427,0.714152919705034,1,0,0,0,0,1,0
4.113937720640809,24.715302119269175,0.11355553973734761,-0.4872485934741922,1,0,0,1,0,0,0
1.0953160000574549,15.920946047342479,3.213589354261958,-0.16040596498596424,0,0,1,0,1,0,0
2.8399569592759573,24.533383987767465,0.9016868735108343,1.6422781128744823,1,0,1,0,1,0,1
-0.05616720320659674,36.646675210717646,-2.5203993663638777,-0.6705267452368777,0,1,0,0,1,1,0
3.7412121393443423,28.295354035073007,-1.0926964237656587,-0.3972666021680784,0,0,0,1,0,0,0
-0.3449704458998579,28.49944721107116,-1.0347462028875054,-1.2772988085197654,1,1,0,1,1,0,0
4.697057651119262,19.14296218558039,-0.014287109225338903,-0.9301299432166688,0,1,1,0,1,0,0
2.0138048506475963,30.49900177398694,0.5910625188368093,-0.3861472420955514,0,0,1,1,1,1,0
2.1902674893261027,16.136767136457944,0.11035382665115948,-0.3263592235101047,0,0,0,1,1,0,0
0.6093445605450443,50.44052991998176,-0.2163114383653906,1.0665916012347698,1,0,0,0,1,0,1
2.730396069893003,29.203668199379607,2.3776987340000453,1.7860564013048412,0,1,1,1,1,1,0
0.4589801270865643,51.22512389356392,0.9184267614416564,0.054860790425819185,1,0,0,0,0,0,1
2.0809959916258762,22.63804271207822,2.444959139031906,-1.8679753512297614,0,0,1,0,1,0,0
2.9463846644553633,17.331658382657192,-1.6762676941386954,-1.5509373343902122,0,1,0,0,1,0,0
3.793223383956488,31.834929871490132,-0.36141509213793155,-2.3207450067527677,1,0,1,0,1,0,1
4.322851542288361,54.40898481387426,2.7780990918297395,-2.41564979183939,0,1,0,0,0,0,0
-0.021088545069156917,62.79645136212812,-0.9477742372719211,-0.3278087959479714,1,1,1,0,0,1,0
2.075876510479297,30.940710087009762,-1.494101199888898,-1.2797529757818573,1,0,1,0,0,0,0
3.8244365821502826,17.215625573199908,0.07531024479624451,-1.8312728232035385,0,0,0,0,0,1,0
2.722470695382851,30.731457635118993,-0.4906380769116985,-1.2933563361909617,0,1,0,0,0,1,0
1.387789838412416,33.6077481267998,-1.8416783992449495,-0.4862474538181235,0,1,1,1,0,1,1
1.7703815132256895,13.169841637383785,1.7065329324069194,1.5797424899061332,0,0,0,0,1,1,0
3.8331206279408727,17.783709264618913,2.6024976240615656,-1.224241484231122,0,1,0,0,1,0,0
2.6309499052047407,27.82870293610818,-1.1138150348277271,-0.5650221521901305,0,1,1,0,1,0,0
1.2011526534894168,15.825733142777775,1.0762112289803627,-0.8177800134693756,1,0,1,0,1,0,1
2.1650694377669795,18.84966591754209,-0.5883270751999359,-2.772197791406878,0,1,0,1,1,1,0
3.240266247111721,24.41460067772729,-1.5689134792412545,0.16588284463480724,1,0,0,0,1,1,1
4.394895177096327,28.252617700899236,-0.15039416072208045,-1.256496026109168,1,1,0,0,1,0,0
2.571200998081144,32.794906717354046,-0.0706382366486327,-0.012865147590678007,1,1,0,1,0,1,0
5.258344111626856,19.979392069502094,-1.6389981995762137,-1.3513161662522095,1,0,1,0,0,0,0
2.0800838264380515,28.379044671294984,0.22049031583981382,-1.7350603381543714,1,0,1,1,1,1,1
1.8308291375121115,32.92157801705273,0.5167718469868925,-1.1366182881440483,1,0,1,0,0,0,0
3.0898800393605184,19.20085692967113,1.6424206422921759,3.9028293473190026,0,0,1,1,1,0,0
4.279915928505076,16.002153853447652,1.7251340193838294,4.946498056476907,1,1,0,1,1,1,1
2.302225821309259,45.297660715932054,1.6772213614808333,-0.14285159996952207,1,1,1,0,1,1,1
2.4778209204457684,36.542122390523595,0.3484611363901341,-1.4708028902659054,1,1,0,0,0,1,0
0.6761003606211815,24.34716673694478,0.07426909321654929,0.9427611172102481,1,0,1,0,0,1,1
2.4039382715585558,26.430771382324696,1.5949699383450575,-3.9347956063282212,0,1,1,1,0,0,0
1.666268097559552,20.256964264061313,1.1466874996255025,0.8487042017342756,1,1,0,0,0,0,0
3.235437886642849,48.021716545126864,0.23611517381485042,-1.4075776937296793,1,1,0,0,1,1,0
2.244118421943933,21.298388296766294,-2.7082843163833674,-0.7646059592076146,0,1,1,0,0,0,0
2.1684736441637313,38.37062833251164,-1.7725931812341402,2.062208668177007,0,0,1,1,1,1,0
4.205298595583878,17.995077282642505,-0.1096441670557517,-0.06532505845493201,1,0,0,0,1,0,0
2.3502129273536374,43.37592214184343,2.1415266481178374,-0.25385468331124694,0,1,0,0,1,1,1
2.573311997538503,18.222296685376413,1.0702139249893623,0.9673226584287359,0,1,0,0,0,0,0
0.04276163443753789,22.838470829266,-0.5998666740802286,1.7360576155564709,1,0,0,0,0,1,1
2.8195394199105213,27.94593415019275,-1.2211203638137413,2.0694281234514262,1,1,1,1,0,1,0
3.4197387963519343,31.064373454466082,0.0855728433237056,0.4245619976665792,0,1,0,0,0,0,0
0.033167859387662424,41.84361154921562,-0.051269598288720665,-1.827495208714848,0,1,1,0,0,1,1
2.4347510341715384,27.434146565897358,0.47921028796366,-0.27637921404222865,0,1,0,0,1,0,0
3.459742429056458,20.061730271810813,0.2562744600464282,-0.6143439238307955,0,0,0,0,0,0,0
3.6619815754762906,18.364287315620835,-0.5991787945584612,-1.5108546521303845,1,0,0,1,1,1,0
3.097516074482273,25.087445048115214,0.11397986729890991,-0.7734313417861426,0,0,1,0,1,0,0
3.961262476444964,39.326517861196145,-0.5023987423626157,0.8202099678783725,1,0,1,1,0,0,0
3.682529225906195,10.86215883719532,2.4239274922214316,0.29738401250792634,1,1,0,1,1,0,0
3.662174761740519,23.11076078266338,-0.6451958677513031,-0.903079504590188,1,1,0,1,0,0,0
-1.1195880377931395,23.602819592301895,0.5179536485307974,0.36916385150334957,0,1,0,0,1,0,0
3.7037598745399665,28.123083813683614,-0.3071969025910255,-1.0773301601996677,0,1,0,1,1,0,0
0.592573296653772,36.04943738643647,-1.8018031811105968,-0.4841653952307413,0,1,1,0,0,0,0
2.10884713892783,24.42425995901514,2.3817233925234786,0.4136525379567753,0,0,0,1,1,0,1
2.367235929990374,18.50121803047061,-2.397081892343107,-2.3732637473792675,1,1,1,0,1,0,0
4.269828961738127,23.18162842156963,0.508642558193797,-1.5441786146213654,1,1,0,0,1,1,1
4.145460473659461,19.680986170454073,1.2500174694210164,0.6264349938157039,0,1,0,0,1,0,0
3.208356817185019,15.281916442804356,-0.6626013322224091,1.9920032997387493,0,0,0,0,0,0,0
4.363240728245397,23.262371338791908,0.16745770706561275,2.899355805409985,0,0,1,1,0,1,1
4.359563222237147,2.555482494356016,3.2133778968821534,1.5003647138689407,0,0,0,0,1,0,0
2.577967780593264,21.447391211155253,-1.2129965474675553,0.22794065300210786,1,0,0,0,1,0,0
1.8519218977175056,31.1506233847277,-0.7164701352790839,-0.6780757656316224,0,1,1,1,0,1,0
3.341890028936762,20.67266913152025,0.21843186508907822,-2.000896589245764,1,1,0,1,1,0,0
2.1330934706426508,29.39156429689625,0.9040844309289483,-0.02662400119162789,0,0,1,0,1,1,1
1.8152861152083772,14.549283862667096,-0.2557004449702888,-4.386010901768458,1,0,0,0,0,0,0
2.7863909611295417,1.8281043555243692,3.771289135710915,-0.18127667397257952,1,0,1,0,0,0,0
2.135115131787015,16.106149038622434,-0.7315621596033499,2.420798366881594,0,0,0,0,1,0,0
2.6037469622913303,28.7132112677114,0.5946527511163393,0.2236646627705097,0,1,0,1,1,0,0
4.572166174220605,32.97742285131553,-0.31212753400351334,0.8342933549534793,1,0,0,0,1,0,0
1.5337376306774315,16.53534908644253,-2.624903368173496,-0.5690074041400558,0,1,0,0,1,0,0
3.1913190065592705,24.40480676967425,1.5677279806868398,-0.8117489826411579,0,0,0,0,0,1,0
3.712121348994016,19.74286329491433,-0.11555744139882937,-1.5890587138167052,0,1,0,1,1,0,0
2.9466593855513925,21.080218716904557,-1.2578612505202373,0.08318708950238776,0,0,0,0,1,1,0
1.8771023899131785,22.45741270568953,-0.5846570093133904,-2.3277477085903997,1,0,1,0,1,1,1
1.9746978448145915,20.176073202847405,-1.7477042291522538,2.2202583319645854,0,0,0,0,1,0,0
2.2391129316369804,49.187976628385066,0.9113320731986927,-1.6396120196054942,1,0,1,0,1,1,1
2.857045452314847,15.784684923942853,0.6710942818302318,0.9671946859384184,1,0,1,0,1,1,0
2.012188247936862,23.70369385330613,0.37257258539088045,-1.3406781001844297,1,0,0,0,1,1,1
2.3118582068565563,17.969863009104106,-0.7968831141389804,0.11440177526670597,1,1,0,0,1,0,0
5.813431622300683,14.306480375452166,0.8864896787053931,-0.8540445401282741,0,1,0,1,1,1,0
1.9807187699187188,31.457028574487722,-1.1111439834770092,3.851129664213135,1,1,1,0,0,0,1
3.2813398750348606,0.6268589230684453,-1.8310849154597435,-1.2837234698452331,0,0,0,0,1,0,1
1.7800211123299525,59.73900343533983,-0.025063294379858103,-0.9603194862396364,0,1,1,0,0,0,0
1.556215985096991,64.56702855261231,0.1308066544837131,0.9412733582607224,0,1,1,1,0,0,1
1.5036046896641206,23.217496484920883,0.8768260503624876,-0.14315922210366638,0,1,0,0,1,0,0
2.507517161708644,27.323940463283243,0.9959688887510026,-2.393578836734565,0,0,0,0,0,0,0
3.5466876596969175,34.51764703026471,0.7586787567303624,1.343233699863787,1,1,0,0,1,0,0
3.5462836629672347,60.61276189865969,-2.1501210064009357,-0.6752005405337547,1,1,0,0,1,0,0
0.8551252832431325,43.71842555346893,1.2030544128824634,0.6481493162226661,1,1,0,0,1,0,0
4.126449695790084,25.466502910661898,-0.03538076609851597,-3.494481258201658,1,0,0,0,0,0,0
4.537788157633373,28.169012966950177,2.0776411863664492,0.9999146535535364,0,1,0,0,1,0,0
3.2278672946883,0.9319367776175863,2.1173868868700003,4.519637632781348,1,0,0,1,1,1,1
2.113222687528459,54.13090530977364,-0.8806800036276409,-0.8512157639358892,0,0,0,1,1,0,0
1.3014209343816923,20.651464577026186,-0.6869875208955883,-0.5327476146479949,0,1,1,0,1,1,0
2.147444756301894,29.367076507125518,-1.8281012844100877,0.03621416959687123,0,1,1,0,1,1,1
1.4684057445540928,42.58707719573921,-2.456803699580041,2.602458358736195,0,1,0,1,1,0,0
1.966751198440471,30.173704611492568,1.4357926829979026,-0.07365299423466523,0,1,0,1,1,0,0
1.5519939700572667,30.88664765292829,-1.4527153686704204,-0.01126023067010586,1,1,0,0,1,0,0
0.9908922755689016,24.578739287045487,-1.3412634162890118,2.255096973825989,1,1,0,0,0,0,0
4.120413832069681,26.01773764563589,0.30050106267861737,0.6589239470009698,0,1,0,0,0,0,0
3.152757320655018,2.8991712611843004,2.308280819923472,3.8304357309457613,1,0,0,0,1,0,1
4.468917679623836,20.143067733791245,1.9061322577078563,-0.22760014142015705,1,1,0,0,0,0,0
4.982059127759592,30.741257248749775,-1.8050193299456083,2.1834370573701323,1,0,1,0,0,0,1
1.410220490017087,40.25003395155356,0.20596657540403454,0.6247072347768471,0,0,0,0,0,1,0
0.034171744840852725,40.629327554662446,-1.4969946578571076,-0.09660526415125549,0,1,0,1,0,0,1
4.186984898176293,31.2179293591196,-2.6305678142043893,-0.697157834791788,0,1,1,1,1,0,0
2.287103681665891,22.87222187153277,0.38051761220232067,0.4477016407475206,0,1,1,0,1,1,0
0.9039759522744184,23.49958196603514,1.2330314675880194,0.06595922966433383,1,0,0,0,0,0,0
3.369967927204704,36.481409258063444,0.9659323443357956,-0.8802362157440067,1,1,0,0,0,1,0
0.3715571329997116,44.64017793414179,0.42795544944564845,0.549680184164685,1,0,0,0,1,1,0
2.391141840190252,31.23768052367617,3.3048566923651403,1.0907128323899056,0,1,0,1,1,1,0
0.6255056249922848,41.5227192375091,1.4488675367947912,-0.0314510592961492,0,1,1,0,0,0,1
3.0890051263904037,43.33518087893319,1.269640913930715,0.9965566779698608,0,1,0,0,1,0,0
5.47125616384337,16.21387234237532,-0.7988793673447768,0.03851879953666579,0,1,0,0,0,0,0
1.5999757776821184,15.621734504830338,0.5534747840994566,0.018805633307628633,1,0,1,1,1,0,0
2.7111661050175546,20.60757414098549,2.557422100465767,-0.24956915584252493,1,1,0,0,0,0,0
3.7512120813447294,28.48656379578379,1.6329062830421457,2.141614092409039,0,0,0,0,1,0,0
3.282165094691332,26.498455607923216,1.2332200178814496,1.0774775234740703,0,0,0,1,0,0,0
1.9678164216565388,20.716974737505723,-0.30622903717222655,0.2720685641777638,1,0,1,0,1,0,0
3.220656596944616,23.730805449774227,-0.5417315938892391,-1.6328259951634125,1,0,1,1,0,1,0
3.130710704459055,32.86998897118806,-0.62831086215838,3.969499925591032,0,1,1,1,0,1,0
2.6011848496506076,17.25257154675845,0.14303534879799856,-1.848306537161117,0,1,0,0,1,0,0
2.8626316684692092,30.057765898149732,2.41796531435887,0.40974141776718814,1,1,0,0,1,1,0
5.950690176441999,17.543014865226514,-0.21181945924301088,-0.41589516346092137,0,0,0,0,1,0,0
4.8551273123191265,33.79279666765772,-0.7838115852511738,2.6670573678246052,1,1,0,0,1,0,0
-0.12419321302507158,22.348300837948933,-0.6639573122042002,-1.5558758955935668,1,0,0,0,1,0,1
2.682624882053883,28.57945714883182,-0.5223855687872662,-0.8223426933767503,0,1,0,0,0,0,0
1.465707296586448,25.738465706322415,1.1201656601507766,-1.3998631278364935,0,1,1,1,0,0,0
-0.9320606043876742,40.07469173661233,-3.316836918357153,0.23930093661665153,0,1,0,0,0,0,1
6.2058923403244775,20.419442311626277,1.9085746592577437,-0.6759860832676294,0,0,0,0,1,0,1
1.9807725340338944,16.893965117224816,-0.8035856428428835,-2.451141795161695,0,1,1,1,1,0,0
3.755607864485879,24.372328049098968,0.5252456534424297,-1.1895969365017685,0,0,0,0,0,0,0
3.8127525734770216,20.623467988932767,0.07192652513815834,0.48195419219089275,0,1,0,1,1,0,0
3.213459740143168,22.713572430086494,0.3951051477545736,-2.018707636499232,0,1,0,1,1,1,0
0.8449365712134791,24.84732890278083,-2.6372301809301986,0.312020692898353,1,0,1,0,1,0,1
2.552743267215459,23.297564544951836,-1.749470379559454,0.8392953097450757,0,0,0,0,0,1,0
5.176831794242131,29.177702289437455,-1.5268726838774482,1.9059473391711408,1,1,1,0,1,0,0
-0.015968124574372577,36.73083477455415,-2.6125324970994708,-2.6673707647069222,1,0,1,0,0,0,1
2.6164028212864303,48.7228820498781,1.2869524264594991,-0.70470748979603,0,1,0,1,1,1,0
0.5002332750249998,37.83843020178509,-0.7891032148059822,-1.459721710978247,1,0,0,0,0,1,1
3.1910829940135503,22.36717310657324,0.662096175906191,1.7370265469884205,0,1,1,1,1,0,0
3.739467505866723,34.3847071282212,-0.13650904976829842,1.8115890096173635,0,1,0,0,0,1,0
2.0302029981382823,23.323493858802035,1.1458269404595056,-0.5935240926359668,1,0,0,1,1,0,1
4.401864938804769,47.705253689598905,-0.5922563803810235,-0.6957906118343488,1,0,0,1,0,1,1
1.9338065159331643,61.16627239091706,0.748265908678305,2.4115222783812555,0,1,0,0,1,0,1
3.5614961780727095,35.65597238908694,0.06740492973888913,-0.7212788197564031,1,0,0,0,1,1,0
1.9566497235748352,19.863744961467717,-1.2668500533345965,0.9741912617820729,0,0,1,0,1,0,1
3.9491090226448478,36.825452778195114,-0.953566246056322,-1.0829556495306258,0,1,0,1,1,1,0
1.3766142019686953,52.20976172767423,1.468597235468124,-1.5625877094529095,1,1,1,0,1,1,1
1.1265013018110848,29.38107402019852,1.542368897010134,0.3744402721283776,1,0,0,0,1,0,0
5.21119232351062,26.827239013808132,0.35576349848887584,-0.1252034720210028,1,1,0,1,0,0,1
1.7370525183446528,16.595372000681405,-1.5603419744273546,-0.4392623204039978,0,1,0,0,1,0,0
0.7397755528846237,23.555797965929422,1.811186010305181,0.27703460381152956,0,1,1,0,0,1,0
1.8366405108969146,29.720553146318174,0.2389846547453695,0.3474401133045775,0,1,1,0,1,1,0
4.057745428186712,26.035202394301827,1.2200294464254338,1.6736547211551482,1,0,1,0,0,0,1
3.4659160317929065,35.20995048252744,0.6523501101126058,2.3603662449019387,0,1,0,0,1,1,1
0.8209712475621673,21.88588057178612,0.31344058016077336,1.6811634668300794,1,0,0,0,0,1,0
2.6853088574756656,28.0884679406845,1.441081402859477,2.7906278796986728,1,1,1,0,0,0,0
1.4943989954888957,23.30294862066579,-3.658250653390608,1.8790101245072413,1,1,1,1,1,0,0
4.376027782675358,31.856814555549857,2.7697689144361246,-1.086678697660382,0,1,0,0,1,1,0
3.0376331951377518,19.321819160510692,-0.8034737771087263,-1.3247082950050486,1,1,1,0,1,1,0
2.80872238298033,50.704461008415834,1.161536014191263,-0.21652227052598952,0,0,1,1,0,0,0
1.4251955634506526,37.991668334129656,-1.4086234204454293,0.48982074374916823,0,1,0,1,1,1,0
3.9709352536957296,17.488363782021644,-0.1853793984604949,0.5442851438429633,1,0,0,0,0,0,0
2.5364970330943737,18.103853478072246,-0.757312707080477,1.22870756571093,0,0,0,0,1,0,0
1.366203425950646,23.865675076430527,0.9892305649210359,-0.507066854425825,0,0,0,0,1,0,0
1.351029101985131,55.14987634910309,0.13031021371883522,0.9194007306053966,0,0,0,1,0,0,0
2.4529510419211547,30.640967370997735,0.33314405323497387,0.2786132555730032,0,1,0,0,1,1,1
3.776367726444853,30.691989123031117,0.028408891143529708,-2.240056772226248,0,1,0,0,0,1,0
3.0620816330196154,15.62458997045029,0.7879038445092503,1.9841896038427076,0,0,0,0,1,0,0
3.833215250723266,21.336210407022847,-0.1245271665892432,-0.28009397844066053,0,1,1,1,0,1,0
-0.6540556965027307,24.265487510232518,2.8325116740682432,-0.8294007241875128,0,0,0,1,0,1,0
2.697239258014407,7.9784535092768705,2.0613019695160038,1.852774852044182,1,0,0,1,0,1,1
0.9822194378249183,27.40114107219066,-0.0630900630592362,-1.6917514745485076,1,1,0,0,1,0,0
5.05346755947822,25.042489179921095,2.258537583262008,1.3946071527350972,1,1,0,0,0,0,0
3.462770260566971,39.372141044610196,-0.09396248558306064,3.2546898381574616,0,1,0,0,1,0,0
2.3132833642629187,24.458209723836532,2.3313195650832865,3.2124114647904918,0,1,1,0,0,0,0
1.5939636475519032,68.81148816859755,0.48128030636032404,-0.1889414781125608,0,0,0,0,1,0,0
3.1528760228903736,42.90662676408344,1.7303402627550792,0.13173982400229578,0,0,1,0,1,0,0
1.2038103312566617,28.977981756943308,-0.15961992321940555,0.6715133198239293,1,1,1,0,1,0,1
1.3347905851920063,23.549041338767214,0.4703781062588486,0.010901016599042211,0,1,1,0,0,1,0
2.5314055799491477,16.34400664991095,1.5407273010723626,-1.1512969458066078,1,1,0,0,0,0,0
4.108440445616787,21.46721249831462,1.7883260891404638,-1.260301507465591,1,0,0,0,1,1,0
1.8582312924361093,18.98350268689118,-0.12979547628315508,0.39117491306886654,1,1,1,1,1,0,0
3.5368813054314794,16.651614955588496,4.2308160719617165,-3.159026872734522,0,1,0,0,0,0,0
3.5512163907801324,20.569494762539023,4.488973951774038,1.02865102201995,0,1,1,0,0,0,0
2.1580176139580916,17.968294175137757,2.941402818510253,-0.27166313230387074,0,1,1,0,1,0,1
0.643584994898687,44.921837153669934,1.8570748138689548,1.1303605695034298,1,0,1,0,1,1,1
1.1625431618778952,42.96242628293792,1.5317287352674347,-1.4957706526080687,1,0,1,0,1,0,1
0.572437096486798,19.84966259422342,-0.40379020921700914,1.6527872756127389,1,1,0,0,0,0,1
4.834624395751585,30.156781296627432,-1.297733930854302,3.271104254596495,0,1,0,0,1,0,0
1.2180536031051952,15.801983702357335,0.42203056059459915,-0.5960772386907631,0,1,1,0,0,0,0
2.3109424064427917,28.464738597559975,1.0022654959082602,-1.3729448094238927,1,1,0,0,1,1,1
4.419078947583799,36.28605053430717,0.6234343257404633,1.6593860846440482,0,1,1,1,1,0,0
1.7635993220424424,23.76342258025429,-1.8930109680796072,-0.40658238174470523,0,1,0,0,1,1,1
0.040410040069253306,23.972051121705455,-0.6662753680278942,-0.21869964846332635,0,0,0,0,1,0,0
2.833139576318791,51.33968955079054,2.0625118437224264,2.515877045402164,1,0,0,0,1,0,1
2.7882249693170325,34.37062230939166,0.8657608402370143,0.5502036439015099,1,1,0,0,1,1,0
3.264877110842452,45.94908768598017,-0.3431082780543584,0.54956488850835,0,1,0,0,1,0,0
2.0101342348630933,28.838067939557867,-0.9542414838487625,0.06936830968408869,1,1,0,0,1,1,0
2.33697563647202,33.53246733701146,0.3781783144926516,-1.0825780534774974,1,0,1,0,0,0,1
1.1796861617785754,19.30080810057456,-0.1839825583459016,4.198456765238124,0,0,0,1,1,0,1
2.583736427190528,44.291167271021486,-0.40636711697596617,0.32161932690309214,1,1,1,0,1,0,0
3.647383089556402,50.54286204011589,-0.009370215848175762,-1.3875979647294905,1,1,0,0,0,1,0
2.197302568624005,28.46246094118684,1.6450270895254966,0.6735139973610347,0,1,1,0,1,0,0
4.031840438106828,24.216060466813605,1.5890843739263885,0.18202952073286466,1,0,0,1,1,0,1
2.307644330332391,26.26691084012988,3.7797708006142514,2.302439233367984,0,0,0,0,1,1,0
2.553718309367693,29.767322827953684,-0.4048188087181442,-1.6131886905358641,0,0,0,0,1,0,1
3.646225160654112,33.284019827561956,-2.1386410337930593,0.383688863829873,1,1,1,0,1,1,0
3.4126428786463525,21.54176307949755,-0.07893778847216953,1.5429354550440606,0,1,0,0,0,1,0
5.205870044375965,28.65683643484613,-0.4968087104301906,-2.0924980524909373,1,1,0,0,1,0,0
0.8238569487706322,49.092693347868554,1.6840010274231387,1.4640246284913494,1,0,0,1,1,1,1
1.71004085278559,21.66079110047818,-1.8213603664890377,0.7250137835785295,0,1,0,0,1,1,1
4.841575698995046,-0.18588805593632074,0.4322557847975317,-0.2175108590110213,1,0,0,1,1,1,0
3.397641560046069,5.986516287070842,-2.5107638773274417,1.64700642906528,0,0,1,0,0,1,1
3.6788087318620977,28.570668196021316,-1.634614819615209,-1.8086635738015886,1,0,1,0,1,1,1
4.354263108162126,34.27789648928123,0.43612013954824136,0.0018713989896581903,0,0,0,0,1,1,0
3.5491126694189514,42.287552666324764,-0.5231216497190738,-1.1686743109017859,0,1,0,0,0,0,0
-0.10609705947150383,26.46709115507884,-0.9905046896685563,-0.05613164235631441,1,0,0,0,1,0,1
3.937468239906772,18.849369987254295,-0.8581414490815976,2.0213149563771786,0,1,0,0,1,0,0
1.0558933323787725,24.308652108143708,-1.1876685118675847,1.6934097045022236,0,0,0,0,0,0,0
3.565471183812345,30.892791195622078,0.8875045124137229,-0.13323143178041094,1,1,1,1,0,0,0
3.9540424445705624,41.95183170218605,2.3937274575506153,-0.05804191694842589,0,1,0,0,1,0,0
0.8808138140652336,35.866524041609324,1.719328226534896,1.213373615158218,1,1,0,0,1,0,1
6.343221247247306,20.352331371986143,-0.4019053152663322,-0.966087969599599,0,1,0,1,1,0,0
-1.3890011363420522,30.762367417962864,-0.14674330136782,-0.4797376110601677,0,0,0,0,0,0,1
0.18335119298759728,33.53177151548514,0.14836512551994363,-0.5578910809644697,0,0,1,1,0,0,1
4.5881300029718695,19.983051208319022,1.8544580837280924,-0.3545661389416351,0,0,0,1,0,1,0
1.9074011450608275,29.365690154173038,-2.8001846530624013,0.9151239273035171,0,0,0,0,0,0,1
-0.2314517200266648,26.95392216499071,0.34612489459817614,-0.7066438708256362,1,0,1,0,0,1,1
3.474564384465668,23.115461565320594,1.5660728106718678,-1.24457033252901,0,0,0,1,0,1,0
3.814963356547992,19.176333791422817,0.2704111276902868,-0.9003590082021399,0,0,0,1,0,0,0
1.9209247822646196,30.76550299004656,-0.04593912196846471,-1.5033078946057359,0,0,1,0,1,1,0
2.0866406625711,6.705039203875151,4.766413470527945,2.427222179065343,0,1,0,0,0,0,0
2.396430822411818,41.197962859509154,-0.30694794146511173,1.2681156982456696,0,1,0,0,1,0,0
0.3568355728165544,44.480191039393986,-0.4657816165503905,-2.3216833585772405,0,1,0,0,0,1,0
0.15820147164387333,15.329276413836224,-0.6307420185621441,2.7750290695541144,1,1,0,0,1,0,1
4.097095471809733,18.27068991341767,-0.08270033926590584,-2.51205991631495,1,1,0,0,1,1,0
2.077890021281046,52.31096685457853,-1.32253674801657,-0.3766594195295852,0,0,1,1,1,0,0
4.059119711571274,39.73626680675301,-0.889781435266159,0.3696929398813644,0,1,0,1,1,1,0
1.233597297447656,0.2501359919475797,0.7317647666297923,2.271678933141793,1,1,0,0,1,1,1
3.5424247321962734,34.71452815692936,1.7254954533223554,1.1302626839954093,0,1,0,1,1,1,0
1.7808313164274368,16.641401023683027,-1.0307133050272563,0.5538082204722248,1,1,0,0,1,0,0
1.4551315518913697,24.535791534538948,2.690136180551171,-0.8763816267350564,0,1,0,0,1,0,0
2.1164374355968194,16.173041469535033,1.0455720261520485,0.5315523418034851,0,1,1,0,1,0,0
3.7379392260432214,17.819106106122305,0.9241676035157734,0.3861442551088099,1,0,0,1,0,0,1
1.9307108878871704,17.409192288740904,-0.7853054793675935,1.737007669479917,0,1,0,1,0,0,0
2.3673136909539587,32.897818998474506,-0.603970378458689,-0.04463730335151819,1,0,0,1,0,0,0
1.2822440503363675,36.0969583270885,2.118670501923287,-0.38104434717876834,0,1,1,0,0,0,1
3.856533605077372,23.773065478884863,-0.2442857583963998,0.004855488346471893,1,1,0,0,1,0,0
2.8900448874905735,22.487058658299954,1.904412070280852,0.1820145966052308,0,0,0,0,0,0,0
0.6569061418637927,22.80287971245382,-0.14908138363906726,-1.1815505822300607,1,1,1,1,0,1,1
3.7817938628406327,20.41765188699203,-1.4566650279254587,-1.2861959914793908,0,0,0,0,0,0,0
2.9314891584487195,27.00630146707601,-0.017656928429174747,1.9778857286269658,0,1,0,1,1,1,0
2.660572230228465,26.979251375148067,0.5785008688127695,2.3771099717206097,1,0,0,1,1,1,0
1.226069848170513,17.919085819669665,1.987265943417791,-1.1559505729120705,1,1,1,0,1,0,0
0.8979009853593514,44.72742525703354,2.6352581308638268,-1.3205198963956848,0,1,1,0,1,0,0
2.9637019545640233,31.554369226686326,-2.842378143059463,1.4632474710720937,1,1,0,0,0,0,0
1.163641857433471,3.5913239714424696,-0.14783780109146782,1.380986551898436,0,1,0,0,0,0,1
4.446901493938888,38.642280421168174,0.8666799247087917,-0.5992092972793015,1,1,0,0,1,0,0
2.0207053715032064,26.998935051745697,-1.0392882142576516,3.2731965508487546,0,1,0,1,1,1,0
1.9950587771029553,17.636503915476442,0.8712794639382939,-0.275823624912087,0,1,0,0,1,0,0
3.0992108143563044,25.79415620399005,2.516588438378162,0.17030512942063614,0,1,0,0,1,0,0
1.043252610411764,43.403950351111106,2.4104038558955145,-0.4390398937610914,1,0,1,0,1,0,1
0.8978057538081963,22.347247212258843,-1.494670259510745,-0.13132301475843494,0,1,1,1,0,0,0
1.6345571210123047,40.17727040297661,0.5389816984279534,0.6959463876776912,0,1,0,1,0,0,0
0.8715487832440161,23.752772879794442,-0.13873598927076516,-0.9553382427924111,0,1,0,0,1,0,0
1.6558524293431638,20.662767767200002,3.0645884963995726,1.4595637253537934,1,1,0,1,1,0,0
6.308822648866617,19.44298293160597,-0.8904740835713871,-0.32518999074586585,0,1,0,1,1,0,0
3.8965835586859647,27.664089829747994,-0.009116715394009637,-0.05532667763227109,0,0,1,0,0,0,0
5.926966303511168,16.10389110568926,0.9231773422370817,-1.5333407656050175,1,1,0,1,0,0,0
0.6032250338490868,40.98163203301275,-0.11404577206889766,-0.008095506179716876,1,0,1,0,0,1,0
1.1093873045752227,22.201207410995867,-1.2888567775373152,-0.4477756120603687,0,1,0,0,1,0,0
1.636666974845502,29.84644718386158,-0.1775426636869648,0.8568246570361683,0,1,0,1,1,0,0
1.2228654602463631,26.77496312139711,-0.1868741864306841,-1.2458910699086592,0,1,0,0,1,0,0
3.3497927946794768,24.837331437075132,1.3388726381415457,0.042940158801761,1,1,1,0,1,0,0
2.679493281449715,28.744364435043757,-1.8466336651985282,0.04641017392038024,0,0,0,0,1,0,0
4.124159067635545,18.311387529070554,1.545011081795892,-1.1759155357802502,0,1,0,0,1,1,0
2.8653912103637067,17.69785940321947,1.3942623960810177,0.32773001268086455,1,0,1,1,0,0,0
2.599266884184869,25.609221994522734,-0.29673685494955426,0.81913398737062,0,1,0,0,1,0,0
1.173374875946709,33.078876272850046,-0.18132007243880865,0.4818650436242272,1,0,0,1,0,0,1
2.8160088645185506,50.625153050815804,0.48461393939309244,-1.6487862175169101,0,1,1,0,1,0,1
1.7157522946836126,35.7544819489248,-1.9710915685919241,0.9511799193193176,1,1,0,1,0,0,0
0.940082438793565,40.08888876566464,-1.0457674666166388,-0.8368659930253675,1,1,1,1,0,0,0
1.2174886726394023,36.08546240545527,0.34276398650821777,2.419186886402019,1,0,0,0,1,0,1
1.0361355180813754,22.335015909506605,1.8215886103034715,-0.9087794669100979,0,1,0,0,1,0,0
0.5080273281218841,33.44856998855525,-1.999216652676978,-0.41278438305530096,1,0,0,0,0,0,1
2.122037773273463,21.58830869662004,0.5091387282656723,-0.8786308183268456,0,1,0,0,0,0,0
3.210651183705795,32.9630481925904,-1.7675620207626164,-0.8327891705805258,1,1,1,0,0,0,0
4.188242947605768,33.83457130897247,1.1613502746144206,0.36259037484068235,0,0,0,1,0,1,0
3.532167023770759,43.83031982883532,0.41892726304024996,1.4116646141832838,0,1,0,1,1,0,1
5.112680384849852,30.248282758578863,0.853311494439455,0.47882946160905604,1,0,0,1,1,1,1
3.882233237725183,26.700549782615067,0.7387576257266099,-2.1799591199296247,0,0,0,0,1,0,0
3.2627963537741174,32.54552996277628,1.47779241650838,-2.109266218486082,0,0,1,1,1,0,0
4.132033818047374,6.518685768433804,3.2571928491172635,2.230542822333427,0,1,1,1,1,1,0
-0.4806212736156148,32.28098797290654,-0.2526719336818659,-0.2618952627534311,0,1,0,0,1,1,0
2.964864467614268,30.694689799483957,-1.3319695036458932,-0.2043878924598989,1,0,1,1,0,1,1
1.5995714801157808,20.28861575181577,1.8946480980072757,-1.5669104729193752,0,1,1,0,1,1,0
2.9692970976835187,33.67040183247069,-1.1840135475977676,-0.8610019993129,0,1,0,1,1,1,0
2.4300987490964596,22.641208535314657,1.5549751653895623,1.641412658991745,0,1,0,1,0,0,0
1.8389580635959961,19.124314443977262,1.860248090257476,0.15487497704406145,0,1,0,0,0,0,0
1.5952739752286105,57.8285790345904,0.42127676610112996,-0.9369752181180658,0,0,0,1,0,0,0
3.5957067579457247,20.366510443065543,2.933301057643506,0.16453463131031515,0,1,0,0,1,0,0
3.554944613060385,33.69951628620637,5.69978250130364,-2.236821300198037,0,1,1,0,0,0,0
2.5423036378138706,34.122802582240716,-0.09453750161308938,-1.3879191727748792,1,0,0,0,1,0,1
5.959259014312025,22.427538652260413,2.6807216362867017,1.0526898054489053,0,0,0,0,1,0,0
5.422327168691172,22.12964840836874,0.7934972738822751,0.26924254420565064,0,0,0,0,0,0,0
1.120076582676862,31.912274149736668,-0.03758685844918525,-0.5504530464619657,1,1,0,0,1,1,1
2.8616519990247995,20.85173904217096,2.015617959310129,-1.2643242483572905,0,1,1,0,1,0,0
1.640358681025432,25.59062331947191,-1.62683224485624,0.7579169158791014,0,1,1,1,1,0,0
0.6087178426749382,16.08032431477728,1.9517031499691317,0.7732625039300265,0,0,1,1,0,0,0
-0.5193297931363663,28.218234177514077,-1.3478092096574132,-0.4145634940716594,0,1,1,0,1,0,0
2.6456259479139788,35.07590537529622,0.47949844609457976,-0.5601641628596024,0,1,1,0,1,0,0
1.9964656282781603,25.601182288188507,2.8382887687253153,0.07112450778755414,1,0,0,1,0,0,0
2.674423496564429,26.6462735843542,0.7378579439574607,1.9444391223038642,1,1,0,0,0,1,0
1.4659237479466296,23.975814858488267,-0.6433668666661949,-0.0015029174812883075,0,1,1,0,1,0,0
4.670884106470785,24.95266745186928,-1.2929088250697636,-1.4785072401474477,0,1,0,0,1,0,0
3.733100108579171,20.292816056191672,-0.35581714826559274,1.0811864391355668,1,1,0,1,0,0,0
2.6653227879116415,31.218005225046415,0.0756794669484947,-1.7472506678017172,0,1,1,0,1,1,0
1.687744364046667,52.405794990919844,0.6818274112349303,-1.1924056157323446,0,1,0,1,0,0,0
3.542766059524255,39.861244394748034,-0.5335449043327832,0.06100499229486231,0,1,0,0,1,1,0
2.023017754940868,31.411448968671984,0.5823064766535753,-0.2429226928065677,1,0,0,0,0,0,0
0.6485513618603851,23.037859133551756,-1.0249326254077988,1.2540997233594235,0,1,0,0,1,0,0
2.3608835001067767,27.431015817923196,-1.3803593519918034,-1.5858905154028928,0,1,0,1,1,1,0
2.916211268996344,21.91354973285033,2.0289378406474237,0.42313436691320727,0,1,0,0,0,0,0
3.240129253397076,21.06335575543721,-1.3881716363628622,0.7732793960339797,0,1,0,0,1,0,0
3.3293266218664375,26.035890104619273,-0.8672480099094241,0.7555609274775315,0,0,1,0,1,0,1
3.5283738997227827,22.041006466293478,-0.21995100683875157,1.637248998639116,0,0,0,0,1,0,0
4.725121583159565,23.900405365961234,-0.9068380687592907,3.3092952213249776,0,0,1,1,1,0,1
1.9177586640464481,24.492175047862283,0.5497161819158105,-1.9730137235714162,0,0,0,1,0,0,0
4.3082201522549095,30.43307168532357,3.0072089763980654,-2.2886425686836294,1,0,0,0,1,1,0
1.06617954904993,34.41359695226837,-0.3956590550621415,-1.5713911222528845,0,1,1,0,1,0,0
1.5243433464459826,29.584806213442846,-1.5414225617601032,-0.10603268550916511,1,0,0,0,1,0,0
1.8668085611225123,37.682640497533505,2.481711872616742,0.46422049717570313,0,1,1,0,1,0,0
3.0799841363744864,16.973948177343303,-1.8606656345444055,0.9666748500906057,1,0,0,1,1,0,0
4.054566003178472,26.72993488357195,2.471972439519235,2.2617730845918445,1,0,0,1,0,0,0
3.3557031741512913,51.08943737948192,1.750824920392298,1.1914649223328007,1,0,0,0,1,1,1
3.164954472524164,22.225314901517606,-1.2430823293587276,1.3201221490716317,1,1,0,1,0,1,0
1.9193868740594628,29.10147785654819,-1.445254368890931,0.6778707177854582,0,0,1,0,0,0,0
1.1309742626311172,28.544274230871782,0.8814707356924052,-0.9936466347968826,1,1,0,0,1,0,1
2.370597639935446,31.671208834547215,-1.2824690984753138,-0.637064670157894,0,0,0,0,1,0,0
1.7821209464982424,40.4387789124906,-0.3178010786277777,1.0095309252567177,1,0,1,0,1,0,1
3.213699896772286,27.224001041796708,0.7704467248325826,-0.6527472976858362,1,1,0,0,1,1,0
3.6733828148241505,24.31928689589364,1.7109932974910307,0.6368605886631469,0,0,0,0,1,0,0
3.9671025145586407,17.62316763782822,0.7141001034717542,-0.6217423176547154,0,1,0,0,1,1,0
0.08294959257015311,39.324771414469105,-0.24678188999568007,0.8582871365536153,1,0,0,0,1,0,1
3.728775018923991,28.198821007035814,2.5676173127366497,-1.8856678953211925,1,1,1,1,0,0,0
1.231951212516574,42.54094494410382,0.683196962272632,0.8127869076311711,1,0,0,0,1,0,0
6.145624043086965,41.77156166158084,1.5663366809205475,2.0947147583372487,0,1,0,1,1,0,0
3.300536778040038,26.566570783139056,1.2139115630653963,3.173948294730645,1,0,0,0,1,0,1
2.3243889530310184,17.139984799295004,3.9642464205523713,1.8202216529598942,0,0,0,1,0,0,0
6.480732661592683,18.25348738970597,-0.6159772932244313,-0.6802113854859658,0,1,0,0,1,1,0
1.5999981534978562,17.775225650249972,-2.351545098632005,0.7439464378907723,0,0,1,1,1,0,0
-0.20613256057935825,23.536939431409433,0.38953547769748065,-0.4151952274100905,1,0,1,0,1,0,0
1.9510435999812465,19.490731017090592,-0.20917342545510245,0.36239935359565834,1,1,0,1,0,0,0
3.5116355323180937,20.946962680894366,1.0977083290774883,-2.331383317010319,0,0,0,0,0,1,0
1.2020519742070324,16.763025250978924,0.26987264816251366,-0.9113647890179046,1,0,0,1,1,0,0
0.5971229490852624,45.93871738684034,4.00601809707835,-0.16435609455193512,1,1,0,0,1,0,0
4.477348608425803,19.34096182270145,0.3881394394571316,1.1471950110087894,1,1,0,0,1,1,1
0.24863708301856313,24.459640386899228,2.4035526909370644,-1.0546377151749953,0,1,1,0,1,1,0
4.533604702436326,27.574707529617587,1.5718353087769534,-0.6230484744907006,0,1,0,1,1,0,0
6.554791802556455,23.468385687529715,-2.1289577336612755,1.7018227471224998,1,0,1,0,1,0,1
1.9471453663709788,31.87783500277226,1.5911964994649237,0.6314794993056331,0,1,0,0,0,0,0
4.689611632645181,20.051363912094892,0.6517442551427319,-1.0217036755061093,1,0,1,0,1,0,0
1.0619225690891443,31.154858139701137,2.264412232937138,2.3925258996243186,1,0,0,0,1,0,1
4.463379716952164,19.668516686360828,0.8921170520084167,0.6358977111541977,0,1,1,0,1,0,0
-0.7696619935566797,18.679257553370313,3.2752091294460177,1.39632527315674,0,1,0,1,0,1,0
0.9992616161038841,54.351580798206754,0.883735452554091,2.918858336171455,0,1,0,1,1,0,1
2.5847489991119765,12.254262667474078,0.5165844783562861,1.4250813378889087,1,1,0,0,0,1,0
1.3307700660048818,30.502987074303025,0.8207201830364255,1.8936020907800792,0,1,0,0,0,1,0
2.8486028716038136,34.177417094462186,-0.18791456855447755,0.6438068819539982,1,1,0,1,1,0,1
0.8488668693565538,22.030094602306537,-0.23051045206324064,0.5649037280465289,0,1,0,1,1,1,0
3.1097299216970016,18.308806472405152,1.372069989043994,1.0781553587161907,0,1,0,0,0,0,0
3.4068706818960597,28.920145278337422,0.5637857032414129,0.2093908155756883,1,1,0,0,1,1,0
3.7188478873603326,22.42169189975003,1.5627800220432078,0.533233216405145,1,1,0,0,0,0,0
4.0303710302022004,26.38205425285097,0.31047006108207353,1.306130384244059,0,0,0,0,1,1,0
3.967747424402003,21.407154416221886,0.11436789630001967,2.2121384753722673,1,0,0,0,1,0,0
4.642767829086731,41.18673065157498,1.5131747399951128,1.4169675690449952,1,0,1,0,1,0,0
1.9283666537852149,31.736224461698697,-0.657904889773816,-0.3071553234974921,0,0,0,0,1,0,1
1.5926767942965903,71.18431024145116,1.812149683850243,-1.1638460117765435,1,1,0,0,0,0,0
3.320755787663405,35.79104093674686,-0.6681242378704081,1.5444295583435856,0,1,0,0,1,1,0
3.0018075287975767,22.004712803901068,-0.537261590377687,-1.9201149981042873,0,0,0,0,0,0,0
2.2313860280303985,5.64453919700861,-1.4329944788760272,1.960861392429241,0,0,0,1,1,0,1
0.5418500803955641,28.35103893597165,0.27248221236003434,-0.1305251592856459,0,1,0,0,0,0,0
2.9995211562237505,14.73972370396426,-0.9155741727225087,0.7231380370608393,1,1,0,0,1,0,0
0.8474445044513801,29.683539908895977,-2.276557671974711,-0.6178211106538933,1,1,1,0,1,0,1
2.273378889051053,24.18669495303576,-0.29038132605161676,0.2528976228232832,0,1,0,0,1,1,0
0.8766058842711244,20.50050799369227,-0.18783019550630264,-0.5417745538372261,0,1,1,0,1,0,0
2.552073896831764,24.97549468133127,0.9504639451873992,0.7081558634636034,1,0,0,1,1,1,1
3.8127624202762833,19.30762665569522,0.15373034563873006,0.483204789437749,0,1,1,1,1,0,1
2.229558409254455,20.94108794203273,1.7300055426405294,0.9275584812808173,1,0,0,0,0,0,0
1.8744464334733097,35.62549409775046,-1.4102288162823151,-1.7589183449525483,1,1,1,0,1,1,1
1.8851947047149828,35.15737374979915,0.5795818792124343,-0.6157145182460098,1,0,0,0,1,0,1
4.3563719473751865,37.507355041373565,0.011556192628337736,0.19825139523524127,1,1,1,0,1,1,1
1.6346558500333042,24.17784477962123,-0.21458544034713745,-1.2256925360527748,0,0,1,0,0,0,1
4.482881750439951,16.890397113630243,-1.0046510464357399,0.41266380977808215,0,1,1,0,1,1,0
3.370718220918978,27.79485048779748,-0.013827528919085823,-0.1349521244172467,1,1,1,1,1,1,1
2.9033783622630733,20.423696180855085,0.13198716442039715,2.371975567524009,0,1,0,1,1,1,0
3.766860634774094,23.500710309931982,1.5585620625569219,3.6601627976498543,0,0,1,0,1,0,0
4.164734879676896,41.27191609313724,-0.23137721625090846,-0.15348547600007514,1,1,0,1,1,1,0
1.2620060580507146,49.763455742190445,-0.2980618629871533,-1.8787031470431117,1,0,0,1,1,0,1
4.463971133976136,27.49060618168304,-1.7132179953405915,-0.4762206375932524,0,0,0,0,1,0,0
-0.5092927399160958,21.898265322451618,-0.9037148153526579,0.368751109206901,0,1,1,0,1,0,0
2.082913261713136,17.25552201170435,-0.32758123926969923,1.003239477163564,0,1,0,0,1,1,0
2.1470667191864443,23.391201694551075,-0.678267575619548,-0.2509005769358231,1,0,0,0,1,1,0
4.498520434056143,32.64479549722981,-2.2009715860479826,-1.15357519172461,0,0,0,1,1,0,0
4.537110095219902,27.438851744100994,-1.7978808427928832,0.488501140893682,0,1,0,0,1,0,0
1.687774917810823,27.211470446023544,1.1536397355677126,-0.3025038285763911,1,1,1,0,0,0,0
4.550378755278674,26.639821583134744,1.8328089577361562,-0.08459834110121274,0,0,0,0,1,1,1
3.2590454037759624,44.363462539692776,-0.9454719636577791,0.40733037045651255,1,0,0,1,0,1,0
2.8326869760318774,28.61838293190481,-1.5696297656743203,0.6511809991425805,0,1,0,0,1,0,0
1.2332805169446048,19.46938348817278,0.20937182357164275,0.5992582007485185,1,1,1,0,1,0,0
3.314758287327884,13.761008731001683,-0.45124560720758766,0.6421047012340317,0,1,0,1,0,0,0
-0.06558303195537629,31.055307102231577,1.0911078556108016,-0.8808172846189712,0,1,1,1,1,0,0
3.441581737492336,19.15151560578629,-1.9080899811238203,0.3690450639900379,0,1,0,0,1,1,0
0.9911700439126676,43.85276668211506,-1.4757360955577852,2.170204599148981,0,0,0,0,1,1,0
2.464387108029063,36.12915037049539,-0.9559486734074663,0.4639317924406504,0,0,0,0,1,1,0
0.9885590680362948,17.59669012373933,0.07770571504054007,0.6447301109976561,1,1,0,1,1,0,0
4.304772106688559,27.247100699053316,0.8902983818788909,-0.8218590494107929,1,1,0,0,1,0,0
2.0361313429244907,25.794736277465557,2.3218737140044983,1.407180570881275,0,0,0,0,0,1,0
2.9661759034647512,2.2121068921207745,6.425985466118856,2.7488921796413877,0,0,0,1,1,1,1
1.408551547812532,15.081788163620693,-2.508600830486304,-1.0632202412580394,1,0,0,0,1,0,1
3.301663115024061,21.035492466251362,2.583148981051803,0.2077527814457727,0,1,0,0,0,0,0
4.461755391780201,36.37434436326634,2.1711563317477056,0.17902337023589898,0,0,0,0,1,1,0
2.635803647775529,23.66807022645841,-0.9600419652629579,1.6067788895975075,1,0,0,0,1,0,0
4.56542856890515,36.27146682721452,0.90284395111292,0.6297740278397639,1,1,1,0,1,0,1
4.937544491599045,20.328222761436127,-0.9839423864168346,0.7953010905521644,1,0,1,0,1,1,1
1.2779420786553826,25.02237914398829,1.6538500063114934,-0.04338182215561071,0,1,0,0,1,1,0
1.88298773548647,43.627814022300846,-3.0632178035173734,0.7948341875356345,1,1,0,0,1,0,0
1.3457512253569577,20.69258602216124,0.24128040023573097,-0.7058471746855448,0,1,0,0,0,1,0
1.263762422919123,25.42621454642887,-0.5833321401999971,0.5937844734152685,0,0,0,0,1,1,1
5.261402300195552,17.76505146739243,-0.10195187837706282,0.06642433101594913,0,1,1,0,0,1,0
2.555260728790472,31.563038375309155,-1.5767118221299254,-1.2505602415258972,0,1,0,1,1,0,0
2.7204704520441827,26.212219290701576,1.7760074724101849,-0.1004271525177893,0,0,0,1,0,0,0
1.905704087729032,39.37002138774705,-0.8045854376898218,2.2865802475828523,0,1,0,0,1,0,0
2.0259332981169864,53.72416094767549,-1.4214426588647888,0.8861441395667052,0,1,0,0,0,0,0
-0.8454264851201985,47.12835920269795,2.1814687785038536,-1.9871669290250744,1,1,1,0,1,1,0
3.868362195662833,37.82514388914838,2.5873298381161023,1.6228365602915116,0,1,0,0,0,0,0
2.4456490597553846,35.91128544735237,-0.7755895700476028,2.0254919185696894,0,1,0,1,1,0,0
2.513862801199867,20.982015677888995,0.8553965508758907,-0.6301756417808109,1,1,0,1,1,0,0
2.042958492020396,43.0274977122025,-0.3422749166947997,-1.040982813031408,0,0,0,0,0,0,0
5.295593025448559,7.4792158635166714,3.0249138443083576,0.12980536523394193,0,1,1,0,1,0,0
2.7970739922087713,24.990633002204948,1.4820015644135136,1.665677292313733,0,1,1,1,1,0,0
2.86953610043924,23.0870586629214,1.6793172062105626,1.6669542482597746,0,0,0,0,1,1,1
3.484601430495615,19.49838083838989,-0.9331275158125831,1.6516447679291766,1,0,0,0,1,0,0
1.3074776189065822,44.73671703863289,2.850088409624498,1.1645455835456708,1,0,0,1,1,1,1
4.797323207719142,29.85399299004224,1.7730649966647576,3.1414225378223275,0,1,0,1,0,1,0
2.1434525986272925,22.22509165699264,0.3574905596058796,1.2278067205982872,0,0,0,1,1,1,0
-0.27540617419205304,48.545813443767365,-3.039018479159101,-1.4482337505749632,0,1,1,0,1,0,0
3.3595311315519356,36.17102231729771,0.34088317022198994,-0.8212842592663938,0,1,0,1,0,0,0
3.8841338816965063,16.227814760812844,2.562555325162666,2.310857423893947,1,1,0,0,1,0,1
4.0187759898014415,47.91054610057721,0.9611828809471297,-1.882569144676332,1,1,0,0,1,0,0
3.2634938111620615,16.359478176457348,-0.6373445748061314,0.5049282102494382,0,1,1,0,1,0,1
4.253174842791385,21.453386858516964,-0.7234379928938415,1.8116203982617585,0,0,0,1,0,0,0
0.727001021910292,35.12058197378198,-1.0312329880812223,0.6916593460761754,0,0,1,0,1,0,0
-0.4993539584851501,28.932269822489374,1.417424508466119,-2.8373046497734293,1,0,0,1,1,1,0
2.234819577517233,22.304086847528765,-0.9869441536091298,-0.7650536763406122,0,1,0,1,1,0,0
2.119955438785983,21.177591015148145,0.902212826118702,1.5425853815259638,1,0,1,1,1,0,1
4.4406688024207135,27.15935909760263,-2.670839254807062,1.5773436467187223,1,1,1,0,1,0,0
0.2489458193219629,61.1959161336578,2.7083750549880836,0.34698403029300834,1,0,1,0,1,0,1
3.7593508181978916,16.51423796708217,0.561749066350226,3.004899296899071,0,0,0,0,1,0,0
1.6294158530811553,23.04011971129367,0.6696498063609374,-0.1422952760324253,0,1,0,0,1,0,0
1.1671999861521687,5.8978242758375785,5.07218076585576,2.787453423715995,0,0,0,1,1,0,0
2.647324604226317,37.90671622642231,0.25104754274153884,0.5528237289431986,0,0,0,0,1,1,0
1.9498579559951796,27.30504648001329,1.1333521265607003,-1.0415678792028058,0,1,0,0,0,0,0
1.3983549607111563,32.347673188037525,1.5118592123938843,-1.7436004878748919,0,1,0,1,1,1,0
0.17201244246662184,30.405814587141666,1.939172299524783,0.6895395524067262,0,0,0,0,1,1,0
3.0016965103707247,31.51076822030479,-2.3753660548187603,1.1017326695291803,1,1,0,0,1,1,0
0.9048489749124413,24.30621765832951,0.09831116173303728,-1.3068547674970825,0,0,1,1,1,0,0
2.2221068233755754,26.36377073498584,1.2284495687951187,-0.6214517778222046,1,0,0,1,1,0,1
0.3597122787652105,28.402437660952078,1.4036985344380812,-1.7431733963033964,1,0,0,0,1,0,1
2.034168516951028,4.515460490648009,0.32810217076181214,0.2446357828527841,1,0,0,1,0,1,1
1.8013747214195317,46.27289323346739,3.2640112822391023,1.3447778234286516,1,0,0,0,1,0,0
0.826799916335939,23.46117574255429,-2.190051789969796,2.6362894907872625,0,0,1,0,1,0,0
5.362063817305385,25.730181927008022,-1.0468010132008883,1.0098485777028183,0,0,0,0,0,0,0
1.4314126539822494,21.339050245903277,-3.3362295495677747,-1.3770607034068765,0,1,0,1,0,0,0
1.9665988490381223,28.44377872482238,1.2777007568453826,0.2417913506431939,1,1,0,1,0,1,0
5.837547803617962,24.034345888601752,0.9993547083294266,1.0164668655597588,0,1,0,0,1,0,0
2.296765533265494,29.977393026038953,-0.38254903877040713,1.4217856526858434,1,1,0,0,1,1,0
3.560249133315255,24.71159211984065,0.8972454874932876,-1.7033463498700918,0,0,0,1,0,0,0
1.7198622118912184,38.76665958105061,0.523274016307319,0.40512070096345765,1,0,0,1,1,0,0
2.3940007070878213,18.94515704251207,-0.4956440377751213,-0.1910168217612503,1,1,1,1,0,1,0
1.0241882956866775,25.046389899830267,1.8947606822101206,-1.0501554753367337,1,0,0,0,0,1,1
-0.7170862251660746,39.568270721615974,-0.19033096784858422,-3.30170140448892,0,0,0,1,1,0,0
3.6884874364448463,11.160314004290884,0.5728372220637403,1.6640227880413683,1,1,1,0,1,0,0
3.331645700062963,30.341454307535997,-1.1463245477470863,-2.157138117799014,0,1,0,0,1,0,0
1.5730191198610561,39.52697535942524,-0.03992875792273841,0.8598108032730205,0,1,1,0,0,0,0
0.4063969997925274,34.75100414120709,-2.4183194919073925,0.22645513178577542,0,1,1,0,1,0,0
0.40328457227908476,16.630520679366004,0.8987483879074877,-1.1572798365154051,0,1,1,1,0,1,0
5.004544383465092,36.45215093968671,0.576220874456153,0.6361351293298904,1,1,0,0,1,1,0
2.538799913652442,31.523155236259875,-0.260880777705552,-0.08024012286473037,0,0,0,0,1,0,0
2.6186653530260497,28.949757382009565,0.9579901906536497,-2.3823714371287026,1,0,0,0,1,1,0
2.4138547566183766,33.84940618443412,1.029548751204823,2.1980482783268487,0,0,0,0,1,1,0
2.201454062707559,34.012969986539396,-1.7364845289173982,2.213405156905302,0,1,0,0,1,0,0
4.955611112821835,20.735700343460252,-1.2486482436756678,-0.7736520726727278,1,0,0,1,0,1,1
3.348650872809632,30.736224899248526,2.072930397372663,-2.8222315146497974,0,1,0,1,1,0,1
3.182395917268231,23.71947464756475,0.8692193292748434,-0.5253256808070261,0,0,0,1,1,1,0
4.066662824858735,22.0073830905273,0.39108662578994746,0.10212113434517701,0,0,0,0,1,1,1
4.235686374508895,38.8269707442777,-2.4997091630231014,-0.7976115510759856,0,1,1,0,1,0,0
1.830945014715261,25.549313554812638,-1.768653829531383,-0.5545471214829858,0,0,0,0,0,0,0
3.833500558736774,44.64608070077287,-0.07291388920797219,2.307768338077548,0,1,1,1,1,0,0
0.5160236927682629,27.242641533601244,0.1883289184488665,-0.2965069241539552,1,1,0,0,1,0,0
5.678322235067526,37.779895752926315,0.6936182192790739,0.4932475040341744,0,0,1,0,0,0,1
2.5568870956341585,21.816927352215536,-3.2058093825770073,1.2688297069974532,1,0,0,0,1,1,1
2.2164579497145755,19.145186456848638,-0.8323912383125549,0.17601893432576338,1,1,0,0,1,1,0
3.240061044363561,22.4863013599365,0.4090265240599389,2.478730925389936,0,0,0,0,0,0,0
2.631055613041849,24.886349955521816,-0.6501274357744764,-0.07257217974618865,0,0,1,0,1,1,0
-0.9265242773944742,20.02686553223786,-0.9606204507293006,1.475227377276511,0,0,1,0,1,0,0
2.370767219415189,28.698680621518598,1.8168077021770643,1.0848587941808385,1,0,0,1,0,0,0
1.3509207312764109,19.0093263779507,-0.17108111012563,-0.4527303981293451,0,1,0,1,1,0,0
1.5458944111591435,24.952474980746178,0.8855145859971146,1.4349362417655156,1,0,0,0,1,0,0
1.923196493830455,25.35048408029916,-0.6900999825644477,0.7120895517100694,0,1,1,0,0,0,0
0.2941435573057358,46.76016193096516,1.189873961824341,1.6840947429255118,1,0,0,1,1,0,1
2.943883701925101,28.472065755798027,3.6082695030385485,-0.12374082980764128,1,0,1,0,1,1,0
1.026619397483696,21.50692341130145,0.7229037783135017,-2.2340998840275414,0,0,0,0,0,0,1
1.8283538362793486,26.33025535726606,1.5427362085676386,-0.9617412533211267,1,1,0,0,1,0,0
-0.37642900582363525,29.78877984332439,0.7653289313955366,-1.2733028565595794,1,1,1,0,1,0,1
4.257392419796472,22.999621995461926,0.5361118300496488,-0.887541973761059,0,0,0,1,0,1,0
2.826059819979085,35.97020477375124,-0.44819576746802087,-1.9576778876321035,1,1,0,0,1,1,0
5.229297103249231,21.703793713388617,-2.366259299120476,0.25486198584519243,0,1,0,0,1,0,0
2.3855374191112118,21.546958693544813,0.9326462893176133,0.40640619950908113,1,1,1,0,0,0,1
1.9562816101217777,25.987334682470955,-1.6687222907430521,1.2214867914053233,1,0,1,0,0,1,1
2.6428975084158046,31.470608047400642,-0.47815252970783184,0.41899451349238254,0,1,1,0,0,0,1
1.574780512897306,24.661079287639147,0.025424892904606415,1.3546832517156275,0,1,0,0,1,0,0
2.097462897618322,30.66245223173333,0.34674406956281856,-0.011767816973240999,1,0,0,1,0,0,0
1.7439765750092622,44.405470074137334,0.03581378757870633,0.4692300139724764,0,1,0,1,0,0,0
5.997039163974659,28.36031468210283,0.2198524087735334,1.2623335251649346,0,1,0,0,1,1,0
3.1603567065509335,23.278879765262424,0.9716678969264514,-1.1320311666164193,0,1,0,0,1,0,1
1.3125088364815438,31.454696762918612,1.347017482378662,-0.06452061348782091,0,1,0,0,0,1,0
1.8608629911813659,19.793536929889893,-0.4495029573865702,-0.9115617671733947,0,1,1,0,0,0,0
1.699400983088068,33.51040704478766,-1.0405565889167279,1.5982791709285147,1,0,0,0,0,1,1
2.3717880905008513,19.127819410443642,1.319027472738808,-0.335206316168542,1,0,0,0,1,0,1
3.083188589793205,35.20605408636136,0.08334249023794162,0.3811431809033626,0,0,1,0,1,1,0
3.2293961373200193,21.223185867909816,0.46065587237682337,1.925706207110967,1,0,0,0,1,0,0
5.30346717960619,25.199890773072248,0.993876274734038,0.5014306731639308,0,0,0,0,1,0,0
-0.10957838629869876,23.97018133287557,0.43794535587427036,2.098683633351609,1,1,1,0,1,0,1
5.225082496431316,22.314801083595928,-1.0331709383057417,-1.0444241165465082,0,1,1,0,1,1,0
1.5460472450879479,30.261502890383465,1.9614618224162164,0.16331301966488954,0,0,0,0,0,1,1
4.663163695224734,38.29950717124913,0.031984209936591845,0.42653336941114844,0,0,0,0,1,0,0
2.5662940588080017,34.35478044554472,-3.3583245134033364,-1.0141005432599506,0,1,0,1,1,0,0
3.4857273517330274,35.60248833426507,0.970576194788445,-2.3525378861216897,1,1,0,0,1,0,0
1.6801649933155562,45.23519831670114,-1.1292197336493863,-0.4544512534724699,0,0,0,0,0,0,0
3.4340531112481245,17.486826157515978,0.293904249518564,-1.3060759965055169,1,0,1,0,1,1,0
1.5508935542745068,43.14115074254159,-0.5759094429381656,-1.0987007082261253,0,0,0,0,1,0,0
2.188742632241129,8.173033570225375,-0.36615416040586934,1.162172082722654,1,0,1,0,0,0,1
2.7783376362662784,34.45769707473565,0.19809819487824798,-1.0197769421941298,0,1,0,0,1,0,0
2.715023315473325,34.69299598388712,0.1116358005302848,-0.7171211693175239,1,1,0,1,0,1,0
3.3681790283771686,24.819383505869155,0.9378724476508462,-0.5900804149903793,1,1,0,0,1,0,0
2.4341718735358815,30.041848904680847,-1.3561680061287795,1.4135811774143061,0,1,1,1,0,1,0
2.0539685271258343,29.189302484664122,-1.0332771791539541,0.16255920524589956,1,0,1,0,0,0,1
2.1644794703266834,25.189392796857003,0.6997051858625869,-1.6123835581870964,0,0,0,1,1,0,1
3.387813965677255,21.394109837154552,-0.3144580562975603,-0.05812311076858895,1,0,0,1,1,0,0
2.2289681483656434,23.9227675399149,-1.539511836419589,0.2800298160778659,0,1,1,0,1,0,0
0.2725766249819037,35.237325095300555,1.6183424633041361,1.3114767993964844,1,1,0,1,0,0,1
-0.9670399949628434,35.04089047618406,0.5230503895484938,0.05291293867394201,0,1,0,0,1,1,1
1.6562773949107499,29.440983744823114,0.2006271742765326,0.7628470432749938,0,1,0,0,0,1,0
2.893399066388568,20.021853812896993,-0.321575096230696,0.062187056964291054,0,1,0,0,0,0,0
3.8921067258083726,21.858845693424605,1.094073662552871,-0.13604081858216535,0,1,0,0,1,0,0
5.022947207982637,24.30808172149465,0.623977524834298,0.9178805049630698,0,1,0,1,0,1,1
3.6967830481408517,36.857498005317765,-0.03593384134376281,-1.0144603042716107,1,1,0,0,0,0,0
3.521081974594062,18.20113113106994,-0.6291871419442715,2.0694799438876648,0,0,0,1,0,0,0
4.616362022168196,24.116857654578105,-0.44304301281891323,1.2823083379344768,0,1,1,0,0,0,0
4.679664486703218,21.625380981976072,-0.044654231040013356,-1.0859612900773543,0,0,1,1,1,0,1
4.351091467915228,10.600293388281305,-2.8862883846830583,0.4850669733373002,0,0,0,0,1,0,0
2.1549592275899805,29.040428990953703,0.3793782505375337,0.9565676351302815,0,1,0,1,1,0,0
-0.41019142026421607,27.0474050000447,0.3345077541713906,-0.6565755868882707,0,0,1,0,1,0,0
2.1806516874145547,35.00360429624828,1.0653996802417145,0.7209741018266251,0,1,1,0,0,0,0
3.0665208515865725,12.895151846951126,1.6279764078008578,-1.0428828190068822,1,1,0,0,1,0,0
3.7091485002663567,33.958536686905994,-1.444557200950908,0.42861967559758646,1,1,1,1,1,0,0
4.462650347406003,22.305731280871832,-2.9469395517509067,2.417267877070018,1,0,1,0,1,0,1
2.7731846942741125,25.65219632494151,-0.3302557259742622,2.5643231585238366,1,0,0,1,0,0,0
